	αCD3_5min	αCD3_αCD226_5min	αCD3_αICOS_5min	αCD3_αCD2_5min	αCD3_10min	αCD3_αCD226_10min	αCD3_αICOS_10min	αCD3_αCD2_10min
GOBP_ADAPTIVE_IMMUNE_RESPONSE	0.43811991872797873	0.4802764957630957	0.8024198251105804	0.276053410534547	1.3687516195445555	0.32046475876340963	0.6132441582804762	1.0306133649388336
GOBP_ADAPTIVE_IMMUNE_RESPONSE_BASED_ON_SOMATIC_RECOMBINATION_OF_IMMUNE_RECEPTORS_BUILT_FROM_IMMUNOGLOBULIN_SUPERFAMILY_DOMAINS	0.30965025087208164	0.4679197562456607	0.8267175794180077	0.33059183779113166	1.5262435229011087	0.27020237205250636	0.7682964957119868	0.6952580630903015
GOBP_AMEBOIDAL_TYPE_CELL_MIGRATION	1.3200930017134775	0.9552363187560686	0.33084622480008097	0.7475046366497624	1.3827886645994174	0.48245008822472946	1.1416736942519883	0.19818730426266531
GOBP_ANATOMICAL_STRUCTURE_FORMATION_INVOLVED_IN_MORPHOGENESIS	1.5323903433618764	0.6516813808001647	0.4678382711505559	0.10381255714924305	1.069480864502542	0.7489988664362437	0.5225852038822726	0.5793438046988187
GOBP_BIOLOGICAL_PROCESS_INVOLVED_IN_SYMBIOTIC_INTERACTION	1.5670824077723924	0.4409905517426884	0.4159516115147571	0.43611964971564765	1.7618204859340343	2.410496045616074	0.9322482157331573	0.14822608073392973
GOBP_CALCIUM_ION_HOMEOSTASIS	1.0561530120555112	2.1533066203053663	1.6206564798196215	1.6066883955100348	0.9616847022577912	1.338770933933464	2.4538277764478678	0.63866481560764
GOBP_CALCIUM_ION_TRANSMEMBRANE_IMPORT_INTO_CYTOSOL	0.23191714427686028	0.9953770700836198	0.8610120630184334	1.2425207234531133	0.3918621649781424	0.42453777716583246	1.6268534146667268	0.398717153791855
GOBP_CALCIUM_ION_TRANSMEMBRANE_TRANSPORT	0.1398790864012365	0.7459665670122424	1.1083394747888384	0.9815590245226105	0.5481846105451078	1.668489455725395	2.459894852745158	0.2862062193469568
GOBP_CALCIUM_ION_TRANSPORT	0.35218251811136253	0.868935710757638	1.3134748151182392	0.7994893059139856	0.3258825777853052	0.6929727470289152	1.391131221119764	0.37443296853015046
GOBP_CALCIUM_MEDIATED_SIGNALING	0.5546543223872141	0.6653106353986119	1.9648355829367492	0.40543917682438707	0.8750612633917001	0.4896002807514175	1.751792151275026	0.9964086489104497
GOBP_CANONICAL_WNT_SIGNALING_PATHWAY	1.5264516579007321	0.3715512456528926	0.9143431571194408	0.29291210544180174	1.1938881452981764	0.969675917040596	0.38684664479161335	0.8639378630297956
GOBP_CELLULAR_PROCESS_INVOLVED_IN_REPRODUCTION_IN_MULTICELLULAR_ORGANISM	1.377618431133327	1.0506697047412852	0.38263071583501895	0.03218468337140124	0.5819023565678088	0.3496081508702511	0.4610073007484191	0.36234261569936305
GOBP_CELLULAR_RESPONSE_TO_INSULIN_STIMULUS	0.5440680443502757	0.5239828175558486	0.4695351320206408	0.8863485122753196	0.624619305672521	1.2592752475569802	2.0559514053291545	1.041862446677151
GOBP_CELLULAR_RESPONSE_TO_OXIDATIVE_STRESS	1.4960065988800373	0.04666689610234978	0.008194478615271618	0.05691491621513685	0.4739627354748327	0.45863784902564936	0.0467877170449312	0.4696332333271125
GOBP_CELLULAR_RESPONSE_TO_PEPTIDE_HORMONE_STIMULUS	0.42334458844613243	0.49306906423502334	0.3838059453780101	0.5031867451585899	0.681809313953515	1.1407632967139387	1.5845196793420246	1.026959972358361
GOBP_CELLULAR_RESPONSE_TO_RADIATION	0.5051499783199059	0.48467439261010836	0.10878095179950556	1.5532760461371005	0.6211229973774586	0.09638958816219304	1.6434526764861879	0.6398485522173623
GOBP_CELL_CELL_ADHESION	0.32414646643981293	0.10825815384825735	0.35184335801454464	0.4478809519950425	1.319513401357995	0.30381097303358645	0.3776248206827848	0.3792344006288932
GOBP_CELL_CELL_SIGNALING	0.6848069726687044	1.252632408937098	0.9677498072413561	0.5724573279396006	0.5261353876141808	0.20870583059076853	1.2624958646654563	1.6223491978852385
GOBP_CELL_CYCLE	0.4137504745267584	0.341035157335565	0.1070359385968907	1.3010299956639813	0.4377071355435253	0.361205428799145	0.1754396543094333	0.21538270736712464
GOBP_CELL_CYCLE_CHECKPOINT_SIGNALING	0.09510206429338043	1.4771212547196628	0.34097583501349327	1.2045959218618076	0.5438227495220075	0.01336396155798154	0.07799302510968886	0.4552507092639125
GOBP_CELL_CYCLE_PROCESS	0.3589589603368802	0.4668111092334846	0.1358519735382755	1.7208118872731537	0.37322512085094	0.6835191640281599	0.17132588525783043	0.2195340500295465
GOBP_CELL_FATE_COMMITMENT	1.101231386790699	0.1842091492778607	0.7385759920736613	0.023262307692803397	2.4476747410782544	0.3934627063172934	0.5074391489881146	0.48160626341153284
GOBP_CELL_GROWTH	0.6582751212671064	2.2041199826559246	0.14183452420638865	1.741753917000791	1.0994504293456286	0.6307923367480618	1.72336444328117	0.3941076421517522
GOBP_CELL_MATRIX_ADHESION	0.10339316997352857	0.1334268468338189	0.26854891611529946	0.2830566246520803	0.22428861267345548	0.38065237377787625	0.37234862090290144	1.4177484020255906
GOBP_CELL_SURFACE_RECEPTOR_PROTEIN_TYROSINE_KINASE_SIGNALING_PATHWAY	0.32741820350711875	0.2798617783387575	1.4020350105538542	0.4393326938302627	0.5054240676202016	0.6138557865533772	0.6480675794952631	1.4687052900301178
GOBP_CHEMICAL_HOMEOSTASIS	0.5547678896938193	0.82585122767303	1.5087541025887323	0.8338753359055086	0.37212392591880333	1.8279228671146421	0.942684348744606	0.7566406087301193
GOBP_CYTOPLASMIC_TRANSLATION	0.6096698515435596	1.0621479067488449	0.4343692742987126	20.0	0.07701518429111714	0.5015501218611044	0.05140247611293034	0.0791812460476248
GOBP_CYTOSKELETON_ORGANIZATION	1.129027618692723	0.4294570601181025	0.8284334429166985	1.3767507096020994	1.2587678517931278	1.3174539209360694	0.29157909986528724	0.5964449670501645
GOBP_CYTOSOLIC_TRANSPORT	0.5590356405739062	20.0	0.4389390139587033	0.20023921796429728	0.36918483748356257	1.0971856680359735	1.6592654965233826	1.6547336868958773
GOBP_DEFENSE_RESPONSE_TO_VIRUS	0.2979823025819759	1.4871383754771867	2.9513375187959534	0.3660782271588722	0.24614771743474861	0.24266034654748275	0.32184140088201174	0.21805576059921727
GOBP_DEVELOPMENTAL_CELL_GROWTH	0.3010299956639812	1.5368496873450945	0.04659508866389993	1.1873192388185128	0.35552995631088213	0.29996685074651935	0.11766173573679198	0.024291685946477744
GOBP_DEVELOPMENTAL_GROWTH_INVOLVED_IN_MORPHOGENESIS	0.014277896053863494	1.4149733479708186	0.2595908096778405	0.6812412373755873	0.24158046095623972	0.20380115639770277	0.1321283763457576	0.06778438773383802
GOBP_DNA_RECOMBINATION	0.07019994702833503	0.05529166170710607	0.06694678963061322	0.004615287663687488	1.2294838221324398	20.0	0.6025217611555208	0.22169526154905694
GOBP_DNA_TEMPLATED_TRANSCRIPTION_INITIATION	0.9592925021759665	0.11777559603380539	0.6020599913279624	0.06438078818113643	1.5250448070368454	1.421603926869832	1.1058698489577383	0.06185236779092486
GOBP_DOUBLE_STRAND_BREAK_REPAIR_VIA_NONHOMOLOGOUS_END_JOINING	0.026968914333389576	0.12018487933249174	0.8483798779126928	0.007334459898966006	0.7641925005812623	1.738384123512156	2.13724858482863	1.098721193097086
GOBP_EMBRYONIC_MORPHOGENESIS	1.6658935455344335	1.9133321058208397	0.44019819201659083	0.7544652019668895	0.38061542459969344	0.6274893702159484	0.5182745932298326	0.09976409435481322
GOBP_ENDOCYTOSIS	1.5118833609788753	0.3027918418202678	1.1326255652745916	0.5378637319489908	0.22634764320533554	0.0004607899444509332	0.07370253345738931	0.18966406624495508
GOBP_ENDOTHELIAL_CELL_PROLIFERATION	0.35246135887978786		0.43772914315221745	0.347537613065599	0.4977925465618511	0.1123970325789663	1.7435097647284319	0.26332781856042625
GOBP_EPITHELIAL_CELL_PROLIFERATION	0.5414533797283683	0.36876340837127486	0.23318095588628424	0.26220749448863534	0.7958800173440752	0.07969068244844775	1.3870048134749466	0.38281614811302567
GOBP_ERBB_SIGNALING_PATHWAY	0.5342468963414717	0.7271672877993928	1.8035621572457117	0.3964044932884518	2.9003671286564794	0.41181641215602605	1.7863457289989175	1.754348335711019
GOBP_ESTABLISHMENT_OF_PROTEIN_LOCALIZATION	0.6897526961391568	0.3316140833099998	0.807054686227022	0.3247043474881708	1.40544706512768	0.6556295396451569	0.18531789249406214	0.6216823813671868
GOBP_ESTABLISHMENT_OF_PROTEIN_LOCALIZATION_TO_MEMBRANE	0.46390372569419613	0.3268072157240679	0.46389815304136434	0.6070807927030132	1.8190374696163634	0.5635658340495538	0.1341653700466808	0.4836295359004108
GOBP_ESTABLISHMENT_OF_RNA_LOCALIZATION	0.15840317732474246	0.38776437960205196	0.2469287307601728	0.47570891369640467	0.747303616623146	0.934399421604123	1.4230116897942227	0.24771295369628107
GOBP_ESTABLISHMENT_OR_MAINTENANCE_OF_CELL_POLARITY	1.5817666798885108	1.0235330418434736	0.610483536849296	1.0134526745563297	0.43365556093857216	1.4560720280527784	1.082974235064764	0.6110932618785113
GOBP_FAT_CELL_DIFFERENTIATION	0.13760458761264285	0.03614661382242303	0.09332571908474739	1.1461280356782382	1.317599097097174	0.0370823088175477	0.9822712330395686	0.04197996649437542
GOBP_GLIAL_CELL_DIFFERENTIATION	0.525931479037404	0.34014291452730766	0.02327617781981553	0.06597629876440568	1.7618204859340343	0.13756971152493866	0.5282096888496689	0.33778328912177585
GOBP_GLYCEROPHOSPHOLIPID_METABOLIC_PROCESS	0.41508358898725034	1.3246743294338263	0.38571258246088286	0.6116385515689255	0.09268046271195719	0.35687763931974237	0.2721305682425671	0.5744007228600836
GOBP_GROWTH	1.1701700050193862	2.5127733089991238	0.22972869819181188	0.5801434097955553	1.479377335023887	0.968208165576149	1.1325620672875045	0.7199368734487757
GOBP_G_PROTEIN_COUPLED_RECEPTOR_SIGNALING_PATHWAY	0.37798978171764797	1.4058491787258827	0.4709271527236234	0.40500186315952447	0.046558033611135155	0.9240841413801426	0.23919419419763363	0.4255044944066937
GOBP_HORMONE_MEDIATED_SIGNALING_PATHWAY	0.4555815768635528	0.07694986102408508	0.23408320603336796	0.7676858167054789	0.24598242933307574	0.02407549644545262	1.5314789170422558	0.10039035375547838
GOBP_IMMUNE_SYSTEM_DEVELOPMENT	0.16581161981111064	0.2901779665319673	0.7663329842063447	0.1851215904856143	1.4343692742987126	0.6548732977568082	0.5246576490153033	0.31268960820897457
GOBP_IMPORT_INTO_NUCLEUS	0.19767393508830627	0.42257217084227083	1.5238427733829552	0.2023317917763199	0.9267343207617885	0.6822453869140407	1.1886663653308542	0.8595117904301544
GOBP_INFLAMMATORY_RESPONSE	1.5114058518797482	1.2437143444085876	0.5599485204152054	0.6256914401240807	0.5730962953926458	0.38802094334007	1.2286524576713016	0.6329270537036502
GOBP_INORGANIC_ION_HOMEOSTASIS	0.8831791536138794	0.9226177545669563	1.2274911722713033	1.1786235955710767	0.5722340074782541	1.0113615023906264	1.620284811434162	0.4588830053866065
GOBP_INSULIN_RECEPTOR_SIGNALING_PATHWAY	0.33552897287430583	0.5641102523027719	1.5121307517471154	0.6193845754003067	0.5118833609788743	1.1087731188407466	0.8726006648440432	0.8651421980597325
GOBP_INTERLEUKIN_6_PRODUCTION	1.574306922755636	0.6353009244666417	0.30588853028430996	0.3755977369062421	0.7902310159773268	0.468325116428781	0.398717153791855	0.01991083337806401
GOBP_INTRACELLULAR_PROTEIN_TRANSPORT	0.6197108509454812	0.14559819281231165	1.8048206787211643	0.14444557967333255	0.4344965276517459	0.8016323462331667	0.2655753450355566	0.3919312266753386
GOBP_JNK_CASCADE	0.06747674025391143	2.060697840353614	0.5970275540001759	0.31742041185215064	0.07480544598733681	0.4996870826184039	0.18676242200434573	0.12493873660829995
GOBP_LEUKOCYTE_MEDIATED_IMMUNITY	0.15250604081728675	0.592992971357635	0.9634987152865683	0.5950738704672964	2.001925921036042	0.16871766118688716	1.4452738874676678	0.6975817416240985
GOBP_LEUKOCYTE_MIGRATION	0.6181269709106756	0.5352507890521839	0.17834343946288714	0.26413596543461115	1.3107438734333419	1.2849431757705272	1.2051058956375762	0.41410850636692487
GOBP_LOCALIZATION_WITHIN_MEMBRANE	0.5687786041366341	0.422394271913983	0.666093585514044	0.5013585661213938	2.129873954283814	1.2041199826559248	0.5266454166098004	0.29344582122082413
GOBP_LYMPHOCYTE_MEDIATED_IMMUNITY	0.10162211509587006	0.6321572355310036	1.179128295781164	0.8729023799970559	2.345863628503766	0.16095751592662405	0.7681670294770429	0.8070332982049593
GOBP_MACROMOLECULE_CATABOLIC_PROCESS	0.342155230655546	0.8201535939942018	1.5489156231430574	0.5853953942304039	1.11613565621459	0.16780211224038474	0.42322413802018954	0.2376376498054533
GOBP_MAINTENANCE_OF_LOCATION	0.24633266683746335	0.5023570781357359	1.5139343422731353	0.8039789836471293	0.0465166957919714	0.2994224880350782	0.8455901584600058	0.34314367265703233
GOBP_MEIOTIC_CELL_CYCLE_PROCESS	0.03439483817651814	0.12256089619547529	0.07655710222147603	1.3149200559924206	0.0931405394080876	0.018707365036442478	0.17016627654567684	0.047424649928138114
GOBP_MICROTUBULE_BASED_PROCESS	1.218390613607727	0.8503836364759406	1.3362373038913489	1.7408011493819702	1.1000168850964698	0.800735043265403	0.15621601388357445	0.4252345064306167
GOBP_MICROTUBULE_CYTOSKELETON_ORGANIZATION	1.0464134865332761	0.7812486260936541	1.3050825396751788	1.876395502480765	1.0436301681181837	1.24145591767642	0.10310168890669899	0.3518495978329641
GOBP_MICROTUBULE_CYTOSKELETON_ORGANIZATION_INVOLVED_IN_MITOSIS	1.2094098712224461	1.0675993734978102	0.9886290908312977	1.1446483256201905	0.3324384599156054	1.4745284441413833	0.0738760836867237	0.6527198370555719
GOBP_MICROTUBULE_ORGANIZING_CENTER_ORGANIZATION	0.8851457427351527	0.3352778395991559	0.918922644847634	0.662247197311279	0.3460920585630051	1.8293037728310253	0.4040641216455434	0.09691001300805639
GOBP_MICROTUBULE_POLYMERIZATION	0.7398062583074241	0.7492665328773039	1.7445537423511077	0.8586708472035308	0.37989550597839494	0.25233807176425677	0.3250187414624847	0.3185483995871668
GOBP_MICROTUBULE_POLYMERIZATION_OR_DEPOLYMERIZATION	1.1962187128976165	1.2094192600538956	2.230959555748573	1.1731368634316277	0.879473017011255	0.41983741422078297	0.465090167298127	0.42050583657077895
GOBP_MITOCHONDRION_ORGANIZATION	0.2759071667800668	0.08054664639679489	0.27335856906612277	0.08776142772959118	0.2827246890013355	0.620777732797317	1.3673055417577187	0.9839582010449471
GOBP_MITOTIC_CELL_CYCLE	0.40560290201456595	0.5998917667449443	0.07979645638490956	1.5198279937757198	0.304108551717915	0.3990436801221851	0.13386942830991178	0.437916455709613
GOBP_MITOTIC_CELL_CYCLE_CHECKPOINT_SIGNALING	0.0833875208836483	1.290518504985731	0.20682088990109374	1.4521328220718306	0.4442081336030079	0.004740678166556843	0.40792422957863855	0.23450546613654397
GOBP_MITOTIC_CELL_CYCLE_PROCESS	0.24587473076292596	0.28942519733582495	0.061053965409978005	1.3432991583788354	0.2798617783387575	0.38358545420975554	0.05680883704015574	0.5236068166694703
GOBP_MONOATOMIC_ION_HOMEOSTASIS	0.5994421745897852	0.8876363696668731	1.2664524991766903	0.7260282370700548	0.7393867464275828	1.0199416840725926	1.781516028004414	0.48720482999019304
GOBP_MONOATOMIC_ION_TRANSMEMBRANE_TRANSPORT	0.19536214362710821	1.0618618573514436	1.50660166039101	0.5201856831427356	0.6709719177138067	0.5753844027413368	1.109747237713229	0.24573736100631546
GOBP_MONOATOMIC_ION_TRANSPORT	0.33554457015137196	0.8460162105082676	1.3556990918342	0.6873881317862037	0.40170015754534444	0.3304517046546784	0.7814078927174868	0.18833898670623161
GOBP_MULTICELLULAR_ORGANISMAL_REPRODUCTIVE_PROCESS	0.7008644216556819	0.5586369402374561	0.06369306542605656	0.02308165274764297	0.6842467475153126	1.6962183933452422	0.5993708528171812	0.1080551282132276
GOBP_MUSCLE_CELL_PROLIFERATION	1.9120448296448727	0.17312678009194224	0.012528594241938397	0.003170046789506585	0.3059128082941807	1.015712625208764	0.12943207415557426	0.2947509299220806
GOBP_MUSCLE_TISSUE_DEVELOPMENT	0.08260934066522439	0.1637979910085569	0.10099140938613832	0.1434221423023131	0.11409540732918828	1.4893557111366742	0.2615833681992026	0.6488911399927012
GOBP_NEGATIVE_REGULATION_OF_CELL_DEVELOPMENT	0.0017291110375459665	0.5065762340579381	0.0011093096245904288	0.011854927875945201	0.2722582530939567	0.050744542631654135	1.7805573201495224	0.508461006925909
GOBP_NEGATIVE_REGULATION_OF_CELL_DIFFERENTIATION	0.5750285000416676	0.04765498378763603	0.619788758288394	0.01079339515394688	0.10645533091428679	0.025855593191127766	20.0	0.021120587024560475
GOBP_NEGATIVE_REGULATION_OF_DEFENSE_RESPONSE	1.6726109052274016	1.5544425643831634	0.41565858678610335	0.6498882095470995	0.919670043147278	0.6820537623682593	0.7225574016135362	1.0032566423338436
GOBP_NEGATIVE_REGULATION_OF_DEVELOPMENTAL_PROCESS	0.8507019175322554	0.039445173007220106	0.9637878273455555	0.00045121508672153814	0.3180633349627615	0.11809931207799451	20.0	0.004044157870191972
GOBP_NEGATIVE_REGULATION_OF_IMMUNE_RESPONSE	1.3083821939180036	2.0009640281026204	1.7639268959519843	1.2990954958867822	1.0961540607163998	0.8491807444117226	0.9656523867921581	1.2638726768652242
GOBP_NEGATIVE_REGULATION_OF_IMMUNE_SYSTEM_PROCESS	1.7693773260761394	0.923829472990181	1.1191615901825922	0.38955524740838127	1.6641717053619314	0.5537301666020294	1.7454422150235194	1.1769950980539259
GOBP_NEGATIVE_REGULATION_OF_INFLAMMATORY_RESPONSE	0.9752379703083646	0.9708610214740736	0.14843923576317192	0.6492553612779269	0.6391260524967387	0.5330112076304513	1.4196460174780072	0.7963906517143704
GOBP_NEGATIVE_REGULATION_OF_MITOTIC_CELL_CYCLE	0.1660955478131516	1.924749047580811	0.12767877397432884	1.0259723262907317	0.52864197937808	0.016237198870685563	0.14865301070874162	0.3057764306884429
GOBP_NEGATIVE_REGULATION_OF_PROGRAMMED_CELL_DEATH	0.66993179617921	0.6416943968298487	0.48391786419774185	1.2117433133351296	1.5825178836040634	0.1392701369719396	1.0899051114393983	0.659036044317501
GOBP_NEGATIVE_REGULATION_OF_PROTEIN_MODIFICATION_PROCESS	0.41624012907871205	1.4623979978989567	1.7103994661168025	0.5500309913239524	0.43505990971895103	0.6020599913279624	0.7283537820212287	1.2587056809417005
GOBP_NEGATIVE_REGULATION_OF_RESPONSE_TO_EXTERNAL_STIMULUS	1.457377196523906	1.4099787928704197	0.4386142577989257	0.9040330807000176	0.8680660885720963	0.792391689498254	0.9125935277366873	0.7965743332104297
GOBP_NEGATIVE_REGULATION_OF_TRANSLATION	0.4410809012581629	0.7919883511995598	0.6496041115650205	0.3991970123915401	1.3263358609287517	0.22575494054578416	0.4425487884276153	0.7970033547535683
GOBP_NEGATIVE_REGULATION_OF_TRANSPORT	0.3158610044966293	0.8131571368804681	0.9744458955276121	0.719532163250908	1.5615161826126844	0.4468445744668986	0.8721068677676465	0.8525390184153335
GOBP_NERVOUS_SYSTEM_PROCESS	0.8402237522391826	1.5102675943671549	0.5922476491143751	0.25304392044697543	0.7470516256201526	2.1741567592784863	1.0367773974945378	1.766691628216594
GOBP_NEURAL_PRECURSOR_CELL_PROLIFERATION	0.08992168788100775	0.19583531725143838	0.16186778092531107	0.22867473660951124	0.04600004542981347	0.16785794172799753	20.0	0.6298890851927199
GOBP_NEURAL_TUBE_DEVELOPMENT	1.384576047114056	1.8476754629020695	0.3722346084371358	0.6429328745307732	0.7708520116421442	0.31603590428893946	0.5195251032727498	0.15293335911458358
GOBP_NEURON_PROJECTION_GUIDANCE	1.7346855566025545	0.20197177803565872	0.084789380332203	0.35178788429783575	0.6059600321277174	0.6003602064500682	0.43365556093857216	0.3560775619948867
GOBP_NUCLEAR_TRANSPORT	0.6025317941792561	0.5677105164365167	1.2608049937032677	0.12584257560654447	0.710740222887443	1.453225651009892	1.1973935526577784	0.7108192771518136
GOBP_NUCLEOBASE_CONTAINING_COMPOUND_TRANSPORT	0.13849277526402856	0.3133177103411495	0.28812210992626386	0.33805507352891123	0.5477309377127285	0.750061051168335	1.5728716022004803	0.22077887000672156
GOBP_NUCLEOTIDE_METABOLIC_PROCESS	0.5022319753026936	0.5554079701072576	0.09611241042959386	0.08839063270426474	1.3552195548368449	0.36274730710052805	0.3034307451821347	0.030033491880452783
GOBP_OSSIFICATION	0.5936268237910997	1.3906407699305383	0.40631404427581114	0.12643030469804598	1.2640988772681183	0.7163125600821116	0.46254624657146687	0.4382173699651322
GOBP_PEPTIDYL_AMINO_ACID_MODIFICATION	0.2820359555996729	0.21613324979307122	2.1013542249988215	0.041109233947094884	1.2461895156352931	0.25596555469146826	0.11033922803801151	0.7753583501994737
GOBP_PEPTIDYL_SERINE_MODIFICATION	0.30974522756219325	0.546962474513144	1.8211858826088458	0.39328957716136165	1.3705239743084745	0.5117447194830751	0.3046773612811673	0.5630358834262557
GOBP_POSITIVE_REGULATION_OF_CANONICAL_NF_KAPPAB_SIGNAL_TRANSDUCTION	0.16873906080165918	0.9030899869919435	1.3448832793698635	0.7246319946571553	0.5267143698115224	0.38444829465486074	0.3893398369101201	0.054558771139292805
GOBP_POSITIVE_REGULATION_OF_CELLULAR_COMPONENT_BIOGENESIS	1.9405164849325702	1.108948797206438	1.343864722485468	1.6118617874096655	0.7255924844564329	2.047761471896603	0.37012676236815345	0.15418189963525594
GOBP_POSITIVE_REGULATION_OF_CELLULAR_COMPONENT_ORGANIZATION	20.0	1.9559936992390903	0.9314136474333381	1.8812529392903443	1.242594664796938	2.9885589568786317	1.3067531684668678	0.7011578904841945
GOBP_POSITIVE_REGULATION_OF_CELL_ACTIVATION	0.3828028621012374	0.37026858207417923	0.41713847071324484	0.6315559801451124	1.4809645938014229	0.4563466885940895	1.1774899542482467	0.9397040981127489
GOBP_POSITIVE_REGULATION_OF_CELL_GROWTH	0.3426463134130917	1.5727706152259753	0.23076035522589966	1.385861515734313	0.26598314613850915	0.31289965199074615	0.9854468879344194	0.22099802557957998
GOBP_POSITIVE_REGULATION_OF_CELL_PROJECTION_ORGANIZATION	0.593389114709137	0.9168032002630804	1.3434085938038582	0.8774279966708071	0.43848149339724873	0.9537447506663226	0.7772222778756317	0.2109110596998207
GOBP_POSITIVE_REGULATION_OF_CHROMOSOME_ORGANIZATION	0.34649154448788727	0.7175818805181463	0.6344045475087905	1.9375178920173468	1.401609386412837	1.8450980400142594	1.470802365112065	0.8908001323374816
GOBP_POSITIVE_REGULATION_OF_CYTOKINE_PRODUCTION	1.0969100130080565	0.6866455293712909	0.6838461437770068	0.08086564821819898	1.6575338875579864	0.6737657705680467	0.32240473217563637	0.565810937481028
GOBP_POSITIVE_REGULATION_OF_DNA_METABOLIC_PROCESS	0.27251026637898534	0.5277619391798049	1.02190184144783	1.4163630914988243	1.0390640228396424	0.9609461957338316	1.2476096117607782	1.3715296320992947
GOBP_POSITIVE_REGULATION_OF_ENDOTHELIAL_CELL_MIGRATION	1.4651624533305685	0.18182288309950134	0.8686080320001826	0.5935096211235679	0.6793498532686066	0.30862085401147116	1.7838015244063523	0.4244581412470427
GOBP_POSITIVE_REGULATION_OF_EPITHELIAL_CELL_PROLIFERATION	0.33680886077878053	0.20894381593084882	0.6107029528314688	0.15269180518062625	0.4157246298518123	0.20587826231226347	1.4543366159693427	0.15285339731047398
GOBP_POSITIVE_REGULATION_OF_GENE_EXPRESSION	0.18428573767095283	0.2611432149539403	0.4134722778188773	0.019703334816112382	1.5972562829251429	0.189337762494974	0.5455999488730232	0.2775257885949173
GOBP_POSITIVE_REGULATION_OF_GROWTH	0.3487901052839191	1.34192888374581	0.2816585915962362	0.8280647007154767	0.3442790837139464	0.27504098931042525	0.9140099664001011	0.3100468139833565
GOBP_POSITIVE_REGULATION_OF_IMMUNE_SYSTEM_PROCESS	0.4608305502715485	1.2282785296452277	0.6458256361511125	0.6104673808869632	1.531919154770681	0.33226123302805993	0.7821054004476835	0.6456405626343631
GOBP_POSITIVE_REGULATION_OF_INTRACELLULAR_TRANSPORT	1.3048135433941086	0.22056953077718336	0.7953687818737352	0.3183836702027344	0.08880159578719486	1.123535522198862	0.1050046247759702	0.6175098464825356
GOBP_POSITIVE_REGULATION_OF_LEUKOCYTE_MEDIATED_IMMUNITY	0.39889345467936016	0.3189680107527215	0.6169138153484549	0.34273674217028105	1.3770061018363946	0.09828654183685971	0.4140268285654925	0.42684063475727346
GOBP_POSITIVE_REGULATION_OF_LOCOMOTION	2.353627758985553	1.0054514667489654	1.4557962174139254	1.4730305386175084	2.966610986681953	0.8285829519486982	0.5568525888483085	0.6554827462419122
GOBP_POSITIVE_REGULATION_OF_MAPK_CASCADE	0.3046086637924807	0.22664763249812508	1.003480340747422	0.16466486594084237	1.3090356505884948	0.4888527643729904	0.13105339497598664	0.16995772064501558
GOBP_POSITIVE_REGULATION_OF_MOLECULAR_FUNCTION	0.6237299705597581	0.40883197721354003	0.16570922326195947	0.17402154354874308	0.8460300027794142	0.6714235622755135	0.5026344054005258	1.3974826158104827
GOBP_POSITIVE_REGULATION_OF_MULTICELLULAR_ORGANISMAL_PROCESS	1.1841588808037142	0.8217318216900442	0.49144979495677854	0.1730466182701798	1.4388937908298924	0.2957550990536176	0.5590909179347823	0.664947924481708
GOBP_POSITIVE_REGULATION_OF_MYELOID_CELL_DIFFERENTIATION	0.22826329384847469	1.6582625065119863	0.13997525080696654	0.570918032303576	0.6940871917058193	0.5046067706419538	0.3436742508005134	0.2899813269649414
GOBP_POSITIVE_REGULATION_OF_ORGANELLE_ORGANIZATION	1.2519482008750622	1.363969939510105	0.43898521189528056	1.7053234329500024	1.180736164101445	2.374289987675315	1.4404592689935178	0.8940980616013521
GOBP_POSITIVE_REGULATION_OF_PHOSPHORUS_METABOLIC_PROCESS	0.5425397337458585	1.0631119348514615	1.3302157366463059	0.5133334273741073	1.547528576459783	0.6898373072019116	0.2724658771137819	0.32461739294149855
GOBP_POSITIVE_REGULATION_OF_PLASMA_MEMBRANE_BOUNDED_CELL_PROJECTION_ASSEMBLY	0.6071727388486021	0.3293399070253608	0.5935441404054328	1.8051347400692381	0.16556729906762335	1.2276631871193402	0.12666968541984686	0.03342375548694965
GOBP_POSITIVE_REGULATION_OF_PROTEIN_CATABOLIC_PROCESS	1.3010299956639813	0.8195439355418688	0.10076553785229737	0.06347657954181063	0.12127995774931886	0.03159898607170235	0.3183545797363255	0.32999369159929787
GOBP_POSITIVE_REGULATION_OF_PROTEIN_CONTAINING_COMPLEX_ASSEMBLY	1.520227135322008	0.5630836737406811	0.6361291664758283	0.38143633274091227	0.5663720124389111	1.0807987320212442	1.134652614377661	0.19485919686342457
GOBP_POSITIVE_REGULATION_OF_PROTEIN_LOCALIZATION	0.976492959858113	0.032219813359845396	1.3298470558065254	0.14483356532523925	0.845098040014257	0.9852767431792939	0.19108034504530277	0.7208558464292114
GOBP_POSITIVE_REGULATION_OF_PROTEIN_TRANSPORT	1.6106601630898805	0.10616473573321834	0.6218617669112594	0.1990404571266498	0.3849899018054545	1.0056502740227065	0.04389527553388027	0.6196248426488172
GOBP_POSITIVE_REGULATION_OF_TELOMERE_MAINTENANCE	0.5270555590277258	1.3953777919074377	1.2663520468475102	1.754857772111844	2.307496037913216	1.868163344082952	1.7196419781727772	1.3010299956639813
GOBP_POSITIVE_REGULATION_OF_TRANSPORT	2.007652964228527	0.293044785342598	1.225401596421057	1.4158753098358359	0.24582795859273007	1.8242188405518573	0.36647921663169997	0.9716900886386207
GOBP_POSITIVE_REGULATION_OF_VASCULATURE_DEVELOPMENT	0.3177689977899206	0.41476708129303735	0.3125098133474113	0.21530233835381946	0.18098017914766218	0.03914173848999123	1.3953777919074377	0.12016247264176791
GOBP_POST_TRANSCRIPTIONAL_REGULATION_OF_GENE_EXPRESSION	1.0309491363590944	1.072147983316421	0.7999750192258912	0.4218521660774491	2.6879746200345664	1.023938007498089	1.0845100795526919	0.9217087019726117
GOBP_PROTEIN_LOCALIZATION_TO_MEMBRANE	0.36459177609318244	0.1846350325989749	0.7713424628313695	0.6310570419333852	1.5175379968112273	1.5390760987927772	0.7963492712869771	0.23488969555371753
GOBP_PROTEIN_LOCALIZATION_TO_NUCLEUS	0.2107933840314744	0.33601625391882883	1.406309968670334	0.4985607430814413	0.2520435349731076	0.6329017380369205	0.4504690599482223	1.5472731842254874
GOBP_RECEPTOR_MEDIATED_ENDOCYTOSIS	0.7139103541289553	0.02601954604565832	0.015617975529947266	0.41017446508904926	0.14165841322308467	2.0043213737826426	0.17903563970246253	0.9450991299994553
GOBP_REGULATION_OF_ACTIN_FILAMENT_LENGTH	0.6796416242157942	0.2603946586170921	0.10878095179950556	1.072279712903427	0.12925324141431263	1.5573502563584822	0.0707254301061832	0.1796078327785184
GOBP_REGULATION_OF_ANATOMICAL_STRUCTURE_SIZE	0.1252656425190333	0.2866421131658793	0.19078185478876572	0.844164073026556	0.3541084391474009	1.6783745967239856	0.1570647529416524	0.03911769576585583
GOBP_REGULATION_OF_CALCIUM_ION_TRANSPORT	0.36401388819916697	1.2139262164497893	1.3886444092484689	0.3355330536113651	0.3625709219060508	0.3662547589230424	1.139574425229919	0.36302468509534186
GOBP_REGULATION_OF_CELLULAR_COMPONENT_BIOGENESIS	1.6559612222034965	0.48331293061830505	1.6474718828965669	0.8859219618549299	0.5040028013316913	1.5901728315963153	0.3148041721215495	0.2809062966368175
GOBP_REGULATION_OF_CELLULAR_COMPONENT_SIZE	0.07938005332136586	0.25105602070214256	0.11124923848478384	0.6842467475153126	0.2056738107245465	1.4342785031662055	0.18487452292903878	0.012168529360808646
GOBP_REGULATION_OF_CELLULAR_LOCALIZATION	1.7037688872177894	0.7611179110848634	1.6952973018400497	0.6604489773233102	0.4890204780193702	1.2648178230095366	1.4042934372860214	0.6838703112588388
GOBP_REGULATION_OF_CELLULAR_RESPONSE_TO_GROWTH_FACTOR_STIMULUS	0.04798665489579832	1.4353665066126615	0.886245430344214	1.1918855262389139	1.4722687519252506	0.7612833250963483	0.06490918393217031	1.29162252714215
GOBP_REGULATION_OF_CELLULAR_RESPONSE_TO_STRESS	0.4081249356510253	0.620387372417494	1.5301081810850743	0.5079550988001049	1.8020892578817345	0.762064430490189	1.8401957413725292	0.6634800010134806
GOBP_REGULATION_OF_CELLULAR_RESPONSE_TO_TRANSFORMING_GROWTH_FACTOR_BETA_STIMULUS	0.06361032393586369	1.4742162640762562	1.0179115893087025	2.245512667814156	1.612783856719736	0.6587450023753048	0.13932697807952718	1.735066349684296
GOBP_REGULATION_OF_CELL_ACTIVATION	0.5351807173573224	0.36413736670501795	0.6325493134758627	0.56802248573102	0.9360425302918871	0.17005607025644565	1.7075701760979363	0.4182923553112287
GOBP_REGULATION_OF_CELL_CYCLE_PROCESS	0.34350301591139376	1.0739800523618175	0.5711485263469465	1.6703342230982174	0.5894834360496987	0.7719658734527856	0.3859113015919202	0.38161445612104405
GOBP_REGULATION_OF_CELL_GROWTH	0.5647646667004419	2.131710297323812	0.17442956729174472	1.5882717068423295	0.8218876783154039	0.5010884104765566	2.190331698170292	0.4408178533112003
GOBP_REGULATION_OF_CELL_PROJECTION_ORGANIZATION	0.29442821517895057	1.2579450949646336	1.483610300463797	0.9440337889247767	0.30973909506176034	0.8373303356364706	0.2827686786896651	0.19971979828869577
GOBP_REGULATION_OF_CELL_SHAPE	0.70450249293598	1.0025471890138802	0.8548700781288529	2.618048096712105	1.539185231720077	1.690196080028514	1.2000800048541849	1.4232458739368086
GOBP_REGULATION_OF_CHROMOSOME_ORGANIZATION	0.44939591533147927	0.38968448352740415	0.32607386571476255	1.5975123635772426	0.9565786876488095	1.4562711157465424	0.659343831826842	0.5338702099388248
GOBP_REGULATION_OF_CHROMOSOME_SEGREGATION	0.27146062525890685	0.3903621591549725	0.2834448208628683	1.8716702128409235	0.6339731557896736	0.7558748556724916	0.24683933756644333	0.36265388935721177
GOBP_REGULATION_OF_CYTOSKELETON_ORGANIZATION	1.3317332454463255	0.8424309212003775	1.267622943489736	1.3055304968906578	0.4870846516478411	1.424609437009557	0.7365967866867986	0.614256269688433
GOBP_REGULATION_OF_DNA_RECOMBINATION	0.15363440860975608	1.0309272514800603	0.3497820479545754	0.07567413830593224	2.1487054585660506	0.12493873660829995	0.013659775982874907	0.19150573217718947
GOBP_REGULATION_OF_DOUBLE_STRAND_BREAK_REPAIR_VIA_HOMOLOGOUS_RECOMBINATION	0.026615885863216372	0.35734047044880946	0.35137302210457694	0.013671415234632047	1.787514969089278	0.025952585502205062	0.24171599444799927	0.34355218596317616
GOBP_REGULATION_OF_ENDOCYTOSIS	1.984527313343794	0.37417033633414554	0.6219228878010798	0.5232101413146576	0.2876975950581522	0.0010452339146499847	0.07232966338733987	0.06272427641791797
GOBP_REGULATION_OF_ENDOTHELIAL_CELL_MIGRATION	1.1538148643445292	0.1474460776061512	0.7879342309134281	0.5306735492047748	0.6220566197442161	0.20561644555586525	1.7903857068006555	0.26769922689870207
GOBP_REGULATION_OF_GROWTH	0.7389158436855311	2.2059257835191937	0.2279756317687702	1.0540497612236248	0.7649137148559286	0.5653888952614193	1.5993371329924895	0.31060537999563836
GOBP_REGULATION_OF_IMMUNE_EFFECTOR_PROCESS	0.2806415080355865	0.3602872345212799	1.1057534188742897	0.2512644853928938	1.1247766561877206	0.35599548801148007	1.333878907278913	0.6577056631126992
GOBP_REGULATION_OF_IMMUNE_RESPONSE	0.34468581508317564	0.4667804213814436	0.8991318326699009	0.6808897242184749	1.6308256818145441	0.16856890472648323	0.66363519456967	0.7733571833376921
GOBP_REGULATION_OF_INTRACELLULAR_STEROID_HORMONE_RECEPTOR_SIGNALING_PATHWAY	1.2825465899699686	1.5622928644564746	0.1414552362584968	1.486666572625893	0.9980214340179121	0.040851508163707584	1.6483600109809324	0.8231593111088178
GOBP_REGULATION_OF_INTRACELLULAR_TRANSPORT	1.782267816578477	0.6401033451151974	1.571126277084312	0.5820728765861612	0.6737657705680467	1.7145269870337756	1.3858883746032968	0.9275569958231178
GOBP_REGULATION_OF_JNK_CASCADE	0.07983976699548363	0.8935446690857134	0.1605790928774337	0.0051702334660902365	0.08397290879852326	0.07552657245884455	0.028197283463373732	1.505149978319906
GOBP_REGULATION_OF_LEUKOCYTE_MEDIATED_IMMUNITY	0.17105206043910928	1.05595140532915	1.536558442571531	1.0187203073041593	1.931457870689005	0.5856695751397931	1.8329999183909906	1.2876070226945489
GOBP_REGULATION_OF_LOCOMOTION	1.332897302517086	0.8358900382274332	0.4949620832164927	0.6235166308076372	1.0241336797167193	0.7053568029974195	0.3394226663766254	0.39464572373449663
GOBP_REGULATION_OF_LYMPHOCYTE_MEDIATED_IMMUNITY	0.0775577133834112	0.9296621598186087	1.2726150608493991	1.0469251737581864	1.7217075919688185	0.422111428513213	0.9457900317723197	1.0
GOBP_REGULATION_OF_MACROAUTOPHAGY	0.4860073853272112	0.023680306978032938	0.1123745565663864	0.08165234507236487	0.36048876390204443	1.2025203694961322	0.019767711935143935	1.926856708949693
GOBP_REGULATION_OF_MICROTUBULE_BASED_PROCESS	2.0324172788327717	1.3405824472132917	2.6517624473801202	1.5426339390892787	0.7617076346508616	1.7125506719877666	0.9509506026403832	0.9059131463283228
GOBP_REGULATION_OF_MICROTUBULE_CYTOSKELETON_ORGANIZATION	1.353484751416608	1.446687761148025	2.935507265824748	1.3896582028102815	0.9040849346937796	1.4257990528476177	1.0725506671486118	0.989714827601544
GOBP_REGULATION_OF_MICROTUBULE_POLYMERIZATION_OR_DEPOLYMERIZATION	1.612783856719736	0.8864408091351991	1.766625267993087	0.7259922512820819	0.8596748601879035	0.23408320603336796	0.47712125471966244	0.3814192939005742
GOBP_REGULATION_OF_MITOTIC_NUCLEAR_DIVISION	0.04761742694479897	0.6096394940374726	0.10351999605275584	1.3450123991811027	0.36833218178079674	0.6669829521315791	0.015567777226649692	0.7119349815003865
GOBP_REGULATION_OF_MOLECULAR_FUNCTION	0.6286149485211444	0.4213238272265176	0.41151281586131155	0.18546007036248824	0.8757340667515164	0.566534564699532	0.4014530266698071	1.5189523997656138
GOBP_REGULATION_OF_MONOATOMIC_ION_TRANSMEMBRANE_TRANSPORT	0.2725329578577906	1.6394864892685872	1.1802823119125443	1.0140695579469905	1.3922830437864453	0.15773805707480143	1.7609248484091342	0.3249040420183477
GOBP_REGULATION_OF_MONOATOMIC_ION_TRANSPORT	0.3898270105032052	1.3251636753807006	1.3652855637817107	0.5141381398175996	0.9250975519316502	0.3314272965207431	1.2612628687924936	0.2961115457914827
GOBP_REGULATION_OF_MUSCLE_CELL_DIFFERENTIATION	0.10013585476767256	0.07586485415912395	0.08451408579304073	0.1835152771348882	1.359361102738486	0.19057363747506167	0.8796088911424209	0.3498785632017983
GOBP_REGULATION_OF_NUCLEAR_DIVISION	0.04761742694479897	0.6096394940374726	0.10351999605275584	1.3450123991811027	0.36833218178079674	0.6669829521315791	0.015567777226649692	0.7119349815003865
GOBP_REGULATION_OF_NUCLEOCYTOPLASMIC_TRANSPORT	1.5397304853785196	0.6461939492244239	1.073537647078837	0.41315282814747945	0.6853151231633385	1.5910646070265	0.9140099664001011	0.737656796118319
GOBP_REGULATION_OF_ORGANELLE_ORGANIZATION	2.092545207605611	0.9503474655558007	0.9935017069630829	1.7442929831226766	0.6881929133198267	2.218797998111741	0.3288846882132471	1.4935451799917498
GOBP_REGULATION_OF_PROTEIN_CONTAINING_COMPLEX_ASSEMBLY	2.2365372614886994	0.13423875968626223	1.109747237713229	0.0958761147979962	0.6548897911005963	1.2427946782781873	0.15908460369791896	0.14164743385278403
GOBP_REGULATION_OF_PROTEIN_DEPOLYMERIZATION	0.34220144063305935	0.24617285717143642	1.3168839145857736	0.14684057805612968	0.341339651627763	0.5767541260631921	0.0340267835206915	0.01447782336862281
GOBP_REGULATION_OF_PROTEIN_TRANSPORT	1.725298943058368	0.007883832290400888	0.3506460276626794	0.185415858811931	0.35095604318749896	0.8177986104257003	0.18242116922808493	0.4325848806257993
GOBP_REGULATION_OF_PROTEOLYSIS	0.30050516843164776	0.06438078818113643	0.3936636890403686	0.3550263070863402	0.42746030036202715	1.656249550500827	0.0118451291996311	0.4092722149419655
GOBP_REGULATION_OF_PROTEOLYSIS_INVOLVED_IN_PROTEIN_CATABOLIC_PROCESS	0.05822094486430185	0.12477218071674624	0.3752760240360939	0.06652907825677137	0.11119303210033722	2.019116290447074	0.019533695158511135	0.5757900559997539
GOBP_REGULATION_OF_RESPONSE_TO_BIOTIC_STIMULUS	0.47806027018149005	1.0840684989534863	1.8678752548638273	0.5949402502050146	1.1121089483888074	0.38923736392514385	0.7598899334093275	0.7021089559185009
GOBP_REGULATION_OF_RESPONSE_TO_STRESS	0.703424345762269	1.3979400086720375	1.1268419347542993	0.8940193597897689	1.5802229436263615	0.34923146837448044	1.5367325433884154	0.33080638553374486
GOBP_REGULATION_OF_RESPONSE_TO_WOUNDING	0.18069920129603476	0.8834033106396874	0.8381491800589291	0.8766095519545608	0.518233840234574	0.7299632069000015	1.8003998048126046	0.21534106069398756
GOBP_REGULATION_OF_SISTER_CHROMATID_SEGREGATION	0.38084571148391544	0.4639740394265498	0.07110752735537594	1.4968308437315536	0.5534902232498444	0.5108542266539243	0.12781169845403023	0.3212333817522681
GOBP_REGULATION_OF_TELOMERE_MAINTENANCE	0.3531069707557952	0.967744979842972	1.3765769570565127	1.8996215585473466	2.0278590441755835	1.7393085761565898	1.5657494618659638	0.9617956473297711
GOBP_REGULATION_OF_TRANSLATION	0.9326313604266476	0.9012613759455357	0.7744233778644006	0.5997826159892763	2.063989747152558	0.9882932404667499	1.5207770741388575	1.2086963630619516
GOBP_REGULATION_OF_TRANSLATIONAL_INITIATION	1.7628928185329193	1.3656849885150102	1.0061603087048188	0.8368440115878018	1.3637643906611785	0.8232133132826676	0.5382122997012235	0.5209224605224755
GOBP_REGULATION_OF_TRANSMEMBRANE_RECEPTOR_PROTEIN_SERINE_THREONINE_KINASE_SIGNALING_PATHWAY	0.029378314895894937	0.7257631809239555	1.0713559085356685	0.8396692883028588	0.805694999637674	0.6653846208301203	0.06619865080321972	1.5152113043278028
GOBP_REGULATION_OF_TRANSMEMBRANE_TRANSPORT	0.19223789500623814	1.7056736906305259	1.109499140316077	0.5341339578057991	0.47119222772740676	0.425637588922724	1.028355629510977	0.35085013962916384
GOBP_REGULATION_OF_TRANSPORT	0.9432359780919581	1.139616752064113	1.763427993562938	1.4388937908298924	0.5972368834018754	2.3896090160519887	1.551101307081481	1.1353722981911998
GOBP_REGULATION_OF_T_CELL_MEDIATED_IMMUNITY	0.14716467596279906	1.120162472641768	1.6796416242157945	0.8246086516226451	1.950473035839356	1.8567837983394522	1.3041961906006467	1.233565880800187
GOBP_REGULATION_OF_UBIQUITIN_DEPENDENT_PROTEIN_CATABOLIC_PROCESS	0.23914300480277026	0.09238270265257714	0.10487894267933177	0.00102791641336848	0.7300898049134043	1.9585107942320006	0.16840443038939024	0.41209449143171056
GOBP_REGULATION_OF_VESICLE_MEDIATED_TRANSPORT	0.022559314344558656	1.4605789607604391	0.8068392089306624	1.1252488362158368	0.7143960693082144	0.8009879922842481	1.0946182162284717	1.075546961392531
GOBP_REGULATION_OF_WNT_SIGNALING_PATHWAY	2.8976270912904507	0.3387735402815705	0.9232440186302767	0.02578640963005506	1.7697991760188783	0.34772548763012084	0.10256028703076264	1.3884057203268778
GOBP_REGULATORY_NCRNA_MEDIATED_GENE_SILENCING	0.26829730656446965	0.950116165030578	0.2766706498045365	0.785678206240508	2.222196046301724	0.3836648939630218	1.0706703037107865	0.3819216588864951
GOBP_RESPONSE_TO_CARBOHYDRATE	0.2508436459886204	0.74342831033106	0.8907395486055144	1.0655848301234971	1.8287672755646487	0.9847415681492745	0.5385291410969819	0.672610905227401
GOBP_RESPONSE_TO_GROWTH_FACTOR	0.01074799353322228	1.0142404391146103	0.07480544598733681	0.9138138523837167	0.45668009447711777	1.457377196523906	0.07312983686167593	0.20605448243312446
GOBP_RESPONSE_TO_HORMONE	0.4657694719669661	0.2148789794570281	0.2776891531603901	0.14471368236012458	0.3091647815457518	1.3383659306844768	0.6709412807357753	0.8930656853800489
GOBP_RESPONSE_TO_INSULIN	0.5272167208513154	0.4200683232038033	0.19988751782317402	0.931272907107886	0.31572004827335576	0.9975532640529128	2.0047988828817727	1.3089817592062047
GOBP_RESPONSE_TO_MONOSACCHARIDE	0.021353835719719463	0.5642714304385626	0.6968200272624597	0.7169360847968507	1.3243907716673538	0.6510383190872184	0.30565839984605225	0.599996830764189
GOBP_RESPONSE_TO_OXIDATIVE_STRESS	1.696065013692613	0.01850360121039254	0.0376138999250898	0.05853651693230385	0.1981413997987554	0.6655462488490691	0.2173912551767594	0.009534839217785904
GOBP_RESPONSE_TO_PEPTIDE_HORMONE	0.5127391139294577	0.3666259460036356	0.1442021146421996	0.48776512586401316	0.5165633036994624	1.3898841244540912	1.3938060268104477	1.24145591767642
GOBP_RESPONSE_TO_TRANSFORMING_GROWTH_FACTOR_BETA	1.9542425094393254	2.017033339298781	1.7993405494535837	1.7160033436348	20.0	2.161368002234977	0.6777807052660807	20.0
GOBP_RESPONSE_TO_UV	2.274157849263681	0.6427470800971787	0.3165237130207522	0.5185139398778875	0.10571129358667405	0.13412675751214517	0.45863784902564936	0.25254537223688156
GOBP_RESPONSE_TO_VIRUS	0.3498551693866128	1.051493012062551	1.3797347803561884	0.23303291656887007	0.07132136532770386	0.06550154875643228	0.501755243420116	0.16188088428512806
GOBP_RESPONSE_TO_WOUNDING	0.27699175479654237	1.158826234244923	0.695135149556867	1.5653755027140743	0.6483600109809317	0.5006023505691853	1.5516376387111168	0.19428927995901457
GOBP_RETROGRADE_TRANSPORT_ENDOSOME_TO_GOLGI	0.5106339913024319	1.939019776448668	0.19644824177931042	0.18245000342412923	0.35727458209610224	1.1060775192489603	1.2113670194042245	1.8854640237914686
GOBP_RHYTHMIC_PROCESS	1.4313637641589878	0.7643629658980106	0.005469149897280009	0.38206324657319946	0.04809870637557764	0.1793689688169172	0.21340647441385968	0.048733048323968416
GOBP_RIBOSE_PHOSPHATE_METABOLIC_PROCESS	0.09866256179784832	0.25527250510330607	0.17758112151819225	0.07011257965354017	1.7445537423511077	0.5430327769186705	0.6390648627140517	0.17759661405299826
GOBP_RNA_EXPORT_FROM_NUCLEUS	0.25412702085190675	0.5580431623435886	0.24898478126425894	0.38569879012403374	0.39093510710337914	1.380727951447637	1.1539357872137228	0.2506204921863809
GOBP_RNA_LOCALIZATION	0.20073869413424938	0.6808717822432226	0.14441709000414893	0.9068178595111869	1.2463659920352224	0.8987055971615447	2.371529632099303	0.23578452755964885
GOBP_SMALL_GTPASE_MEDIATED_SIGNAL_TRANSDUCTION	0.7619644892903684	0.43604837405446245	0.7121659277870855	1.7120290908503095	0.1597008428675119	0.7192592108932944	0.4014889108056364	0.7065154227394108
GOBP_STEM_CELL_DIFFERENTIATION	0.5160227094366792	0.19128751158587837	0.23095955574856908	0.2864386630489986	0.6979408700110689	0.4283070391282271	1.3029995885268866	1.194640461959411
GOBP_STEROID_HORMONE_RECEPTOR_SIGNALING_PATHWAY	0.4973246408079494	0.619788758288394	0.35033276698930604	0.5358992552728485	0.5692674779316549	0.03121038238643278	1.6074550232146696	0.4005641524981865
GOBP_SYNAPTIC_SIGNALING	0.31461066331572896	1.8628649850312318	0.9092908921866016	1.0071003404179393	0.18117078458495625	0.34117814602041213	1.1910201439925068	1.3778850739548443
GOBP_TAXIS	1.0786712113655126	1.0209515249156806	0.9422512871266291	0.9457266585167953	1.4343692742987126	1.2882989188590594	1.0535585922132598	1.3226890562528457
GOBP_TELOMERE_ORGANIZATION	0.26279759775904504	0.3753081689960955	0.8066823389698081	0.7291065641683288	2.6439459127480807	0.18799048235538895	1.3874860262465114	0.720159303405957
GOBP_TORC1_SIGNALING	0.33335566085187884	0.1018086076298805	0.4393326938302627	0.36469907553335845	0.8670923337204249	0.9161738489066119	0.4225191948206127	1.5081554884596324
GOBP_TOR_SIGNALING	0.3797470038460186	0.620387372417494	0.6391313027035449	0.07328326739723497	0.6062159510991202	1.6211762817750361	0.46299265040888987	1.550961752298176
GOBP_TRANSCRIPTION_ELONGATION_BY_RNA_POLYMERASE_II	0.6647643292636269	0.22472320285541156	0.26758702318187794	1.485315733334935	0.36375004164553526	1.2889727661345158	0.69104651008686	0.3658685555142626
GOBP_TRANSFORMING_GROWTH_FACTOR_BETA_RECEPTOR_SIGNALING_PATHWAY	0.9777236052888479	20.0	1.585460729508502	20.0	1.1437352225623478	0.9176487071628688	0.06245662862564659	20.0
GOBP_TRANSLATIONAL_INITIATION	2.13724858482863	1.0611944607415222	0.9522272182039997	0.8813943293611792	1.0009972323139489	1.006831149023071	0.6597762832777321	0.5616532191513884
GOBP_TUMOR_NECROSIS_FACTOR_SUPERFAMILY_CYTOKINE_PRODUCTION	1.2531225280297476	1.3034905942116388	0.48229765070757874	0.3160877382085187	0.40661829797745264	0.4252491057913006	0.49335845359034797	0.1490958910679727
GOBP_TYPE_I_INTERFERON_PRODUCTION	0.8462454501451038	0.3824866645404696	2.6133131614554683	0.2602071262208737	0.23346011484771514	1.2372085050255708	0.12063620011152731	0.3262135416822301
GOBP_T_CELL_MEDIATED_IMMUNITY	0.1718376062277842	1.2005870621002297	1.593180540478351	0.6629664265376032	2.0623133207603326	1.5541035366673495	1.5803027771710543	1.4517864355242902
GOBP_VACUOLE_ORGANIZATION	0.24120170564629717	0.020850138973120137	0.07288177443179832	0.15253052728736857	0.029180004983196742	1.1251138200542932	1.3357921019231935	0.22084922217422975
GOBP_VESICLE_ORGANIZATION	0.08063477901971437	0.6371386387687558	0.027008827753389614	0.007291069092012206	0.5019448384446946	0.21933109339510984	20.0	0.5514499979728752
GOBP_WNT_SIGNALING_PATHWAY	0.7361867488401077	0.30581829645045566	0.9160848074466104	0.28780172993022607	1.3657914397642483	0.7879342309134281	0.20208671974685088	1.3655839721787042
