condition	Name	Term	ES	NES	pval	fdr	FWER p-val	Tag %	Gene %	Lead_genes	kinase
αCD3_10min	prerank	ERK1	0.6321376435713126	1.456008324863983	0.010067114093959731	0.9742973094844432	0.577	18/47	21.41%	CIC;MAPK3;BRAF;RAF1;NUP214;NUP153;PCBP2;ARHGEF2;SORBS3;YTHDF2;LIMA1;MKNK1;MED1;BAZ1B;CRTC3;EIF4G1;RAB5A;STMN1	ERK1
αCD3_10min	prerank	Ret	0.9028701427784336	1.4240771756947352	0.022658610271903322	0.7622876897640163	0.726	3/5	7.55%	PLCG1;MAPK3;PDPK1	Ret
αCD3_10min	prerank	p90RSK	0.6942106114110602	1.3582051707193206	0.07255139056831923	1.0	0.924	5/16	12.72%	CIC;CHEK1;VASP;EIF4B;REPS1	p90RSK
αCD3_10min	prerank	ERK2	0.5814543710810347	1.356843411538057	0.0273224043715847	0.8703968134676087	0.927	21/54	22.23%	CIC;BRAF;NUP214;ERF;NUP153;RPS6KA1;PCBP2;CRTC2;ARHGEF2;SORBS3;YTHDF2;DMTN;MKNK1;NDEL1;RPS6KA3;MED1;PTPN7;CEP55;CRTC3;EIF4G1;TP53BP2	ERK2
αCD3_10min	prerank	PKCA	0.597927746616296	1.3528448559844704	0.05537098560354374	0.7285134525777844	0.933	8/41	8.78%	SPN;PLCG1;BCL11B;PRKAA1;RAF1;VASP;CD3G;KCNAB2	PKCA
αCD3_10min	prerank	Fyn	0.7007319056195215	1.3468917798379907	0.06826801517067003	0.6467257878651236	0.947	5/15	15.01%	BSG;AGAP2;NMT1;PECAM1;RPS6KA3	Fyn
αCD3_10min	prerank	CDK9	-0.6874955953304676	-1.337746753469065	0.1708185053380783	1.0	0.916	4/7	12.63%	SIRT1;NCOA2;POLR2A;BORA	CDK9
αCD3_10min	prerank	Akt1	0.5716739273479162	1.3176892672240414	0.051086956521739134	0.7434240192394409	0.976	14/53	16.32%	PLCG1;PRKAA1;AGAP2;ACIN1;BRAF;CHEK1;BCL10;RICTOR;PFKFB2;IWS1;ADAR;EDC3;RPS6KA3;NF2	Akt1
αCD3_10min	prerank	CK1A	0.7814066176279568	1.315823712972801	0.09556786703601108	0.6612806252818277	0.98	2/7	4.18%	YWHAQ;APC	CK1A
αCD3_10min	prerank	Akt3	0.8393593407430981	1.310751131622557	0.08625730994152046	0.618317550979508	0.983	4/5	16.32%	BRAF;IWS1;ADAR;NF2	Akt3
αCD3_10min	prerank	Akt2	0.8048912099526402	1.3009832692736185	0.08413793103448276	0.611724034270254	0.99	4/6	16.32%	GAPDH;ADAR;EDC3;NF2	Akt2
αCD3_10min	prerank	Cot	0.8130179797229493	1.2848533045227637	0.12223858615611193	0.6359810338466584	0.996	3/5	7.71%	CHEK1;RPS6KA1;MAP2K2	Cot
αCD3_10min	prerank	TAK1	0.7234762178147924	1.2808670496161625	0.12980132450331125	0.605340948945338	0.998	5/9	23.13%	MAP3K7;EIF4B;RBMX;HDAC7;CDC25C	TAK1
αCD3_10min	prerank	ZAP70	0.7794077756141078	1.2409465464481535	0.16148148148148148	0.768883904311531	1.0	2/5	12.39%	DBNL;LCP2	ZAP70
αCD3_10min	prerank	EGFR	0.7479674085858832	1.216756605133933	0.20087976539589442	0.8478881707500375	1.0	2/6	5.99%	PLCG1;PRKDC	EGFR
αCD3_10min	prerank	RSK2	0.7291056534940856	1.2145514404890982	0.22402159244264508	0.8029360188386192	1.0	1/7	0.82%	CIC	RSK2
αCD3_10min	prerank	AMPKA1	0.5685249849724319	1.2128529718850223	0.16685979142526072	0.7617616113031715	1.0	11/29	27.24%	GAPDH;PRKAA1;BRAF;VASP;PFKFB2;MKNK1;KLC1;PFKFB3;NCL;LIPE;STIM1	AMPKA1
αCD3_10min	prerank	PKACA	0.5180550117427506	1.2035114578102326	0.15252416756176154	0.7638040335629217	1.0	23/57	27.24%	PLCG1;RAF1;VASP;PDE4A;PFKFB2;MARK2;DMTN;SIK3;EMD;AKAP13;RB1;NF2;TPR;ENSA;URI1;PTPN7;PFKFB3;STMN1;PLEC;LIPE;NCOA3;PDE3B;STIM1	PKACA
αCD3_10min	prerank	PKCB iso2	0.705979340447757	1.193362690426923	0.25289017341040465	0.7705880388128998	1.0	2/7	20.75%	PRKCB;EIF4G1	PKCB iso2
αCD3_10min	prerank	JNK2	0.7185714117150963	1.1893781659218317	0.2517289073305671	0.749744871723876	1.0	4/6	23.13%	LIMD1;BAZ1B;NFATC3;CDC25C	JNK2
αCD3_10min	prerank	Chk1	0.5043947971108617	1.185055092857353	0.18181818181818182	0.7318803547271908	1.0	21/57	23.71%	RIF1;CHEK1;TICRR;NUP153;BUD13;SRRM2;SPEN;MAP2K2;BAZ1A;ARHGEF2;MATR3;RANBP2;MED1;RB1;PRRC2C;TRIP12;ANKRD12;CDC25B;MYCBP2;CDC25C;ZC3HC1	Chk1
αCD3_10min	prerank	Syk	0.6951564454592613	1.1758201676539093	0.26609442060085836	0.7367603587354076	1.0	2/7	12.39%	PLCG1;LCP2	Syk
αCD3_10min	prerank	MAPKAPK2	0.576135150819426	1.1668876443908431	0.26956521739130435	0.740288045037782	1.0	8/19	23.13%	PARN;HNRNPA0;RBM7;CEP131;PFKFB3;CDC25B;RCSD1;CDC25C	MAPKAPK2
αCD3_10min	prerank	NEK6	0.6928460569367559	1.1596477778297294	0.3062937062937063	0.7368758128075599	1.0	4/7	18.79%	BSG;NUP98;KIF20A;EML4	NEK6
αCD3_10min	prerank	LYN	-0.528765628522253	-1.1531178100185033	0.25	1.0	0.984	2/12	1.89%	PEAK1;PTPN6	LYN
αCD3_10min	prerank	P38A	0.5554831056436803	1.1430704884936551	0.3047735618115055	0.7703542261636356	1.0	9/21	33.14%	MKNK1;RB1;PTPN7;BAZ1B;BUB3;NCOA3;PXN;CDKN1A;STAT1	P38A
αCD3_10min	prerank	JAK2	0.6355762485175387	1.1335358911536622	0.33058984910836764	0.7764918082068241	1.0	1/9	1.80%	MAPK3	JAK2
αCD3_10min	prerank	ASK1	0.7108078688586454	1.129762257539605	0.3165680473372781	0.7610736625466823	1.0	1/5	7.55%	PDPK1	ASK1
αCD3_10min	prerank	PDK1	0.6663249886597566	1.1264522716677208	0.33841886269070737	0.7434462871107994	1.0	4/7	19.36%	RPS6KA1;PDPK1;MAP2K2;PRKCD	PDK1
αCD3_10min	prerank	PRKD1	0.6103881229846302	1.116180643066402	0.37944162436548223	0.7530061626333985	1.0	4/10	22.97%	VASP;MARK2;OSBP;HDAC7	PRKD1
αCD3_10min	prerank	CDC7	0.6829632103975163	1.1123866458187748	0.35236768802228413	0.7403193788646035	1.0	5/6	31.67%	PSIP1;NCL;MCM2;MFAP1;TOP2A	CDC7
αCD3_10min	prerank	ROCK1	-0.5528390727977119	-1.1114390859924361	0.3368421052631579	1.0	0.991	2/8	3.12%	DPYSL2;ARHGAP35	ROCK1
αCD3_10min	prerank	AMPKA2	-0.577283768557025	-1.111253922139066	0.3413793103448276	1.0	0.991	3/7	14.60%	PAK2;TP53BP1;PDHA1	AMPKA2
αCD3_10min	prerank	MARK2	0.7100520460007032	1.1084121109129934	0.362406015037594	0.7285835963725638	1.0	3/5	22.97%	ARHGEF2;MARK2;HDAC7	MARK2
αCD3_10min	prerank	PKCZ	0.6733237164118224	1.1013028257941961	0.3697478991596639	0.7263276814243392	1.0	4/6	31.91%	MARK2;NCOA3;VIM;ADD1	PKCZ
αCD3_10min	prerank	PAK1	0.5535410173720087	1.0967924111877903	0.35785536159601	0.7168805426123553	1.0	11/18	31.99%	BRAF;RAF1;SPEN;ARHGEF2;NF2;DYNLL1;STMN1;PXN;VIM;MORC2;ARHGDIA	PAK1
αCD3_10min	prerank	PKCD	0.5363925895337645	1.0936699982393916	0.36053593179049936	0.7039886312394954	1.0	7/19	33.14%	GAPDH;MARK2;PRKCD;EP300;CXCR4;ADD1;STAT1	PKCD
αCD3_10min	prerank	PKCT	0.6368878789676351	1.0764542793056326	0.4129834254143646	0.7334462117929992	1.0	5/8	23.63%	PPP1R12A;PDPK1;PRKCQ;PTPN7;CBLB	PKCT
αCD3_10min	prerank	PKCI	0.644496484041974	1.0755253469513313	0.4247538677918425	0.7148354125958214	1.0	4/7	34.37%	MARK2;VIM;EP300;BAD	PKCI
αCD3_10min	prerank	PRKD2	0.6771004942339374	1.0737104603507555	0.402002861230329	0.7001519782220219	1.0	5/5	32.57%	VASP;MARK2;HDAC7;PRKD2;PI4KB	PRKD2
αCD3_10min	prerank	HIPK2	-0.6134235240586268	-1.0584256955609248	0.4377104377104377	1.0	0.995	1/5	0.90%	SIRT1	HIPK2
αCD3_10min	prerank	IKKA	0.6373110313612549	1.0518273052357496	0.4331395348837209	0.7396663159476927	1.0	2/6	24.94%	NFKB2;NCOA3	IKKA
αCD3_10min	prerank	PKCE	0.6019030803030885	1.043323588898573	0.4536784741144414	0.7434596185337837	1.0	4/8	34.37%	GLS;RAB5A;PRKD2;BAD	PKCE
αCD3_10min	prerank	SGK1	0.573003083128574	1.0418629599542795	0.4663143989431968	0.7274990653917454	1.0	2/10	13.70%	RICTOR;MKNK1	SGK1
αCD3_10min	prerank	Abl	0.508983181186403	1.0403929265775236	0.4547677261613692	0.7124680595220202	1.0	9/21	29.78%	PLCG1;EMD;VAV1;RB1;JUNB;NCOA3;ABI1;PXN;CRKL	Abl
αCD3_10min	prerank	TBK1	0.606406308557087	1.021031596241061	0.49722222222222223	0.742258214706001	1.0	4/7	35.27%	OPTN;TRIP12;HTT;RPS6KB1	TBK1
αCD3_10min	prerank	PKG1	0.6096629359180319	1.0202173645645898	0.4965229485396384	0.7268149706899143	1.0	4/7	24.77%	VASP;ENSA;STMN1;LIPE	PKG1
αCD3_10min	prerank	Lck	0.549553919741532	0.9963513404152656	0.5126835781041389	0.764673394412033	1.0	4/11	13.29%	PRKCQ;PECAM1;LCP2;VAV1	Lck
αCD3_10min	prerank	ATM	-0.32352962645475974	-0.9874146856742942	0.46153846153846156	1.0	0.999	4/40	4.02%	ZEB1;SLC2A1;TOP2B;DBN1	ATM
αCD3_10min	prerank	JNK1	0.4748371469672992	0.9859053016975688	0.5042630937880633	0.7689114958391977	1.0	9/22	30.52%	LIMD1;EIF4ENIF1;JUNB;CDC25B;CDC25C;NCOA3;WDR62;PXN;CDKN1A	JNK1
αCD3_10min	prerank	PKCB	0.5897144231854611	0.9738937601357479	0.5745296671490593	0.7780349716919684	1.0	3/6	21.41%	PRKAA1;PRKCB;STMN1	PKCB
αCD3_10min	prerank	CDK2	0.39198555262360574	0.9464087314394032	0.6225234619395204	0.8165652631372575	1.0	12/78	10.91%	SRSF9;AFDN;CHEK1;APC;NUP98;TICRR;LRCH3;CRTC2;ANKLE2;KCNAB2;SORBS3;RBL1	CDK2
αCD3_10min	prerank	GSK3A	-0.42422765467930906	-0.9409679137670118	0.5134099616858238	1.0	1.0	1/11	0.25%	DPYSL2	GSK3A
αCD3_10min	prerank	Pim1	0.5613099872660346	0.9375266221450211	0.6183310533515732	0.8164737712310236	1.0	5/7	39.70%	CBX8;CDKN1A;CXCR4;BAD;NDRG1	Pim1
αCD3_10min	prerank	Src	0.3953967205501389	0.9313114998748608	0.6185897435897436	0.8112568264943134	1.0	20/55	31.99%	GAPDH;RAF1;ARAF;PDPK1;ARHGEF2;EMD;ARHGEF7;RPS6KA3;TRIM25;PRKCD;HDAC3;SH3GL1;RBM10;ARHGAP5;THRAP3;ACLY;PXN;PRKD2;PAG1;ARHGDIA	Src
αCD3_10min	prerank	PAK2	-0.5581455947445848	-0.9280235890953933	0.5525423728813559	1.0	1.0	1/5	0.57%	PAK2	PAK2
αCD3_10min	prerank	CDK7	0.5884506580628195	0.9255947403220691	0.6462196861626248	0.8047926821412467	1.0	3/5	25.27%	MED1;RB1;MCM2	CDK7
αCD3_10min	prerank	PLK1	0.4171792564895197	0.9237009041683345	0.6172140430351076	0.7921899894784308	1.0	12/33	31.67%	CLIP1;PRKDC;MAP2K2;OPTN;CDC27;CEP55;CDC25B;CDC25C;MDC1;WDR62;VIM;TOP2A	PLK1
αCD3_10min	prerank	IKKB	0.5305054483401147	0.9184567418913827	0.6341463414634146	0.785012216219721	1.0	5/8	33.14%	BCL10;OPTN;PFKFB3;HTT;STAT1	IKKB
αCD3_10min	prerank	p70S6K	0.5005722787052029	0.8934551761538919	0.6805929919137467	0.8110915839008429	1.0	3/10	19.20%	RICTOR;EIF4B;URI1	p70S6K
αCD3_10min	prerank	LKB1	0.5167774694396287	0.888194076474957	0.6629213483146067	0.8036096639620657	1.0	3/8	11.73%	PRKAA1;MARK2;SIK3	LKB1
αCD3_10min	prerank	CDK5	-0.3459388457270113	-0.8830171528673435	0.6139240506329114	0.9991907152973203	1.0	2/23	4.02%	DPYSL2;DBN1	CDK5
αCD3_10min	prerank	ATR	0.43602751073529183	0.8728262286810022	0.6883435582822086	0.8123430810940205	1.0	2/19	5.99%	CHEK1;PRKDC	ATR
αCD3_10min	prerank	GSK3B	-0.3029334985963327	-0.852329987683639	0.7368421052631579	0.9647409369309717	1.0	3/33	4.27%	DPYSL2;SPAG5;ETS1	GSK3B
αCD3_10min	prerank	ULK1	-0.48105436573311366	-0.8508011245802047	0.627906976744186	0.8794450045898482	1.0	5/5	52.17%	SEC16A;RB1CC1;ATG16L1;RIPK1;RPTOR	ULK1
αCD3_10min	prerank	CK2A1	-0.26671544283993476	-0.850307106311507	0.8279569892473119	0.8065717596424433	1.0	9/49	8.29%	SIRT1;NCOA2;IFI16;TCOF1;NCOR1;GBF1;EEF1D;PAK1;AATF	CK2A1
αCD3_10min	prerank	Chk2	0.45979345978067776	0.8413005903234841	0.7131681877444589	0.8432368172936338	1.0	4/10	30.19%	INCENP;RB1;CDC25C;TRIM28	Chk2
αCD3_10min	prerank	AurA	-0.351758460005896	-0.836317945091676	0.7216494845360825	0.7684030916939375	1.0	2/16	2.54%	SIRT1;SPAG5	AurA
αCD3_10min	prerank	DNAPK	0.4655370849155804	0.8260446862007196	0.7429340511440108	0.8484706147602585	1.0	2/9	15.09%	PRKDC;MED1	DNAPK
αCD3_10min	prerank	P38B	0.49326352380491106	0.8122431050948136	0.7581602373887241	0.852450154395458	1.0	2/6	30.84%	CDC25B;EP300	P38B
αCD3_10min	prerank	CK1D	0.47977672582339403	0.8116383323720023	0.767379679144385	0.8384783634035982	1.0	4/7	29.61%	APC;SMARCA4;NCOA3;PRKD2	CK1D
αCD3_10min	prerank	CAMK2A	-0.4307654725079202	-0.7965495982992149	0.6879194630872483	0.7710998652068011	1.0	2/6	10.75%	ETS1;AKAP5	CAMK2A
αCD3_10min	prerank	CDK1	0.31754905001200867	0.7882068083907998	0.8997955010224948	0.8507669536108344	1.0	37/109	31.91%	LIMD1;MAPK3;CHEK1;NUP98;SRRM2;PDPK1;PIK3C2A;ARHGEF2;INCENP;IL16;RANBP2;CDC27;NDEL1;AHNAK;KIF20A;RB1;TPR;CEP55;EIF4G1;SEPTIN9;STMN1;CDC25B;CDC25C;NCL;ZC3HC1;NCOA3;GIGYF2;ABI1;STIM1;NUP50;ZC3H11A;VIM;CDKN1A;EP300;PPP1R13L;TOP2A;ADD1	CDK1
αCD3_10min	prerank	mTOR	-0.3519418975090498	-0.782238041868735	0.7880184331797235	0.7400540749324064	1.0	3/12	9.27%	SRRM1;AKT1S1;ANKRD17	mTOR
αCD3_10min	prerank	AurB	0.3539876142331212	0.7635100988140676	0.8364705882352941	0.8646625582444011	1.0	8/29	18.95%	RIF1;PRKDC;INCENP;AHNAK;KIF20A;RB1;PRRC2C;RBMX	AurB
αCD3_10min	prerank	CDK4	0.4487272642300982	0.7291708362637985	0.8430555555555556	0.8856746494247634	1.0	2/6	15.83%	RBL1;RB1	CDK4
αCD3_10min	prerank	FAK	0.40702197590465755	0.6621782738377404	0.8895184135977338	0.9299539863171113	1.0	4/6	40.36%	SH3GL1;PXN;LAT;ITGB7	FAK
αCD3_10min	prerank	CDK6	0.372916788607504	0.6130785293472021	0.9404255319148936	0.9489453379427827	1.0	3/6	30.52%	RB1;PFKFB3;CDKN1A	CDK6
αCD3_5min	prerank	CK1A	-0.9283945555589357	-1.8153457281045315	0.0	0.014748485646563078	0.02	1/7	0.25%	CARD11	CK1A
αCD3_5min	prerank	Fyn	0.7863377271465487	1.5494459268116847	0.009162303664921465	0.19628907904769974	0.156	5/15	9.27%	AGAP2;BSG;FYB1;RPS6KA3;CD5	Fyn
αCD3_5min	prerank	ERK2	0.6418359181802935	1.5463762434606332	0.0011248593925759281	0.10302465474879267	0.165	20/54	19.20%	RPS6KA1;RGS19;ERF;NUP214;CIC;NUP153;RPS6KA3;CRTC2;MKNK1;NUP50;DMTN;STIM1;MED1;CDCA5;EP300;MRTFA;ARHGEF2;NCOA2;PTPN7;EIF4G1	ERK2
αCD3_5min	prerank	ERK1	0.6181452534014877	1.4693660717157784	0.014755959137343927	0.28521562314665766	0.53	22/47	28.63%	NUP214;CIC;NUP153;MAPK3;MKNK1;NUP50;BAZ1B;LIMA1;MED1;CDCA5;EP300;MRTFA;ARHGEF2;NCOA2;STMN1;EIF4G1;RAB5A;STAT1;RAF1;TOP2A;SORBS3;SEC16A	ERK1
αCD3_5min	prerank	JNK2	0.8475531136250483	1.386659727568224	0.0329512893982808	0.6677624332796747	0.878	2/6	9.19%	LIMD1;BAZ1B	JNK2
αCD3_5min	prerank	EGFR	0.828518383795168	1.378598497953646	0.04696132596685083	0.5864814030331271	0.901	2/6	12.39%	PLCG1;EPB41	EGFR
αCD3_5min	prerank	PKACA	0.565171570722758	1.372147683909073	0.024526198439241916	0.5256064842271738	0.914	24/57	26.42%	PRKAB1;PLCG1;EMD;VASP;PFKFB3;AKAP13;DMTN;PDE4A;STIM1;MARK2;NF2;STMN1;PTPN7;ARHGAP17;MARK3;RB1;URI1;TPR;MORC2;NCOA3;ARHGDIA;IQGAP2;RAF1;PFKFB2	PKACA
αCD3_5min	prerank	GSK3A	-0.6213726151236812	-1.3515157879064679	0.13043478260869565	0.953489597050303	0.881	3/11	12.22%	PRKAA1;DPYSL2;NIFK	GSK3A
αCD3_5min	prerank	CAMK2A	-0.7450032174068535	-1.3505658778240595	0.18213058419243985	0.6398384689667281	0.884	3/6	7.30%	CARD11;ETS1;AKAP5	CAMK2A
αCD3_5min	prerank	Ret	0.8426992686135653	1.348326084822323	0.06973293768545995	0.5891770857288099	0.951	2/5	5.82%	PLCG1;MAPK3	Ret
αCD3_5min	prerank	CDK6	0.7958030618805672	1.3287436639569905	0.07965860597439545	0.619774633567737	0.969	3/6	19.69%	PFKFB3;RBL2;RB1	CDK6
αCD3_5min	prerank	AMPKA1	0.5919847809772485	1.3235003884122152	0.08924205378973105	0.5800709800709801	0.976	8/29	13.13%	PRKAB1;GAPDH;VASP;ZNF692;MKNK1;PFKFB3;STIM1;EP300	AMPKA1
αCD3_5min	prerank	p70S6K	0.6921197702735599	1.2700079076690487	0.1589310829817159	0.8288604592052868	0.997	3/10	7.05%	NCBP1;EPRS1;EIF4B	p70S6K
αCD3_5min	prerank	CDK4	0.7582462596721786	1.2624469233033642	0.13702623906705538	0.800141720517896	0.999	3/6	19.69%	RBL1;RBL2;RB1	CDK4
αCD3_5min	prerank	NEK6	0.7341010032212606	1.2601195279368695	0.16506189821182943	0.745753904374594	0.999	4/7	18.29%	BSG;EML4;KIF20A;RBL2	NEK6
αCD3_5min	prerank	Cot	0.7900262155751142	1.2565320561575124	0.1378299120234604	0.7081589426417013	0.999	3/5	19.20%	RPS6KA1;MAP2K2;EIF4G1	Cot
αCD3_5min	prerank	Syk	0.7364549003620823	1.2513519889265916	0.16875871687587168	0.681279577831302	0.999	3/7	11.57%	PLCG1;HCLS1;LCP2	Syk
αCD3_5min	prerank	PKCA	0.5323408701595965	1.2355490892139136	0.1489607390300231	0.7124968228416504	0.999	11/41	14.77%	SPN;PLCG1;PTPN22;BCL11B;VASP;PFKFB3;CD5;CD3G;EPB41;EP300;ARHGAP35	PKCA
αCD3_5min	prerank	Akt2	0.7436001764191491	1.214689936710791	0.18413597733711048	0.7718715580784546	0.999	4/6	16.98%	GAPDH;EDC3;ADAR;NF2	Akt2
αCD3_5min	prerank	PKCB iso2	0.7091654533688816	1.2090457658994838	0.2223756906077348	0.7560032095529053	0.999	2/7	19.20%	PRKCB;EIF4G1	PKCB iso2
αCD3_5min	prerank	Abl	0.5713849844660953	1.2039428181696317	0.21046077210460773	0.7388253457218974	0.999	6/21	22.15%	PLCG1;EMD;JUNB;RAPGEF1;RB1;NCOA3	Abl
αCD3_5min	prerank	ASK1	0.7526900020658392	1.2003241376735003	0.22822822822822822	0.7146086855705731	0.999	1/5	14.93%	MAPRE1	ASK1
αCD3_5min	prerank	RSK2	0.6883285586635107	1.1886128585306583	0.24376731301939059	0.727299839023977	1.0	2/7	17.47%	CIC;STMN1	RSK2
αCD3_5min	prerank	PLK1	0.5170586641152581	1.1787813670826597	0.22606689734717417	0.7315525108628557	1.0	14/33	32.40%	CLIP1;MAP2K2;CDC27;GTSE1;CDCA5;OPTN;WDR62;MDC1;RACGAP1;PCNT;TOP2A;VIM;SUGT1;CLASP2	PLK1
αCD3_5min	prerank	AMPKA2	-0.6247752905813698	-1.1630521654798514	0.31596091205211724	0.9710034237555966	0.988	2/7	5.66%	PAK2;PDHA1	AMPKA2
αCD3_5min	prerank	Akt3	0.7180231151925267	1.1570680586116222	0.27941176470588236	0.787226668104411	1.0	3/5	16.98%	IWS1;ADAR;NF2	Akt3
αCD3_5min	prerank	PDK1	0.6711358282736221	1.1551087982874948	0.3034965034965035	0.7606378628867385	1.0	2/7	7.38%	RPS6KA1;MAP2K2	PDK1
αCD3_5min	prerank	LKB1	-0.5837557650972159	-1.1491120722444494	0.2889733840304182	0.8116091651303661	0.988	3/8	4.92%	PRKAA1;SIRT1;PAK1	LKB1
αCD3_5min	prerank	PRKD2	0.71334431630972	1.1444618002002878	0.30289855072463767	0.7689796379451552	1.0	5/5	28.96%	VASP;MARK2;PI4KB;PRKD2;HDAC7	PRKD2
αCD3_5min	prerank	P38A	0.5395410314348125	1.1325202729961243	0.29739776951672864	0.7827271032788274	1.0	7/21	22.15%	MKNK1;BAZ1B;MRTFA;PTPN7;RB1;STAT1;NCOA3	P38A
αCD3_5min	prerank	CK2A1	0.4713718398371087	1.1256516870834747	0.2704194260485651	0.7769810804293562	1.0	10/49	12.06%	CLIP1;MAPRE2;RGS19;HCLS1;ABCF1;IL16;HTT;CDC27;CD5;HMGA1	CK2A1
αCD3_5min	prerank	PKCZ	0.6763989906133497	1.1174208115849726	0.33879781420765026	0.7778060191853294	1.0	4/6	29.70%	MARK2;MARK3;NCOA3;VIM	PKCZ
αCD3_5min	prerank	ATR	-0.44912105663501833	-1.0823972050391772	0.3119266055045872	0.8287419892897903	0.994	8/19	18.21%	HUWE1;BORA;MCM2;WDHD1;KMT2A;RPA2;DCK;TP53BP1	ATR
αCD3_5min	prerank	PKG1	0.6269725444597416	1.0681041792630515	0.43446244477172313	0.9276092034712724	1.0	2/7	17.47%	VASP;STMN1	PKG1
αCD3_5min	prerank	AurA	-0.44215625514478524	-1.0622720824858647	0.3333333333333333	0.7575454306031078	0.995	5/16	12.39%	LIMK2;LIMK1;SIRT1;MCM2;SPAG5	AurA
αCD3_5min	prerank	P38B	0.6361886396438673	1.0597710641352864	0.4034090909090909	0.925763467499496	1.0	2/6	31.26%	EP300;RPTOR	P38B
αCD3_5min	prerank	Pim1	0.6206533250000379	1.0576032619715798	0.44959128065395093	0.9011946115394391	1.0	3/7	28.06%	MARK3;CBX8;CXCR4	Pim1
αCD3_5min	prerank	CDK5	0.4885741455594942	1.0528812656723654	0.40717821782178215	0.8875162957476639	1.0	3/23	8.45%	AGAP2;EPRS1;HTT	CDK5
αCD3_5min	prerank	IKKB	0.6043452293495649	1.052545291656027	0.42778541953232463	0.8606964331102263	1.0	5/8	22.07%	BCL10;PFKFB3;HTT;OPTN;STAT1	IKKB
αCD3_5min	prerank	TBK1	0.62628461942441	1.0483354925204895	0.449438202247191	0.8479241281749118	1.0	5/7	34.54%	HTT;OPTN;RPS6KB1;RPTOR;TRIP12	TBK1
αCD3_5min	prerank	MARK2	0.6437450610122916	1.036863691473566	0.4758522727272727	0.8576563286502434	1.0	3/5	28.96%	ARHGEF2;MARK2;HDAC7	MARK2
αCD3_5min	prerank	PKCI	0.5951698379087352	1.0027715981986554	0.529331514324693	0.9273768170319895	1.0	4/7	29.70%	EP300;MARK2;MARK3;VIM	PKCI
αCD3_5min	prerank	Lck	0.5397838436729174	1.0006193283598332	0.5116918844566712	0.906978451806038	1.0	3/11	11.57%	PRKCQ;CD5;LCP2	Lck
αCD3_5min	prerank	Src	0.4133083253621662	0.9901229618440491	0.5111358574610245	0.9107789819812188	1.0	23/55	29.94%	GAPDH;EMD;RPS6KA3;BCLAF1;ARAF;ITGB7;ARHGEF7;ARHGAP35;MAPRE1;ARHGEF2;RAPGEF1;RBM10;MPZL1;STAT1;ARHGAP5;THRAP3;TRIM25;ARHGDIA;RAF1;PRKD2;ACLY;IQGAP1;PAG1	Src
αCD3_5min	prerank	Chk1	0.40736940792004234	0.9881370219398798	0.5100222717149221	0.8918053840013912	1.0	17/57	21.99%	EML3;MATR3;BAZ1A;NUP153;SRRM2;EPRS1;MKI67;MAP2K2;BUD13;MED1;MYCBP2;ARHGEF2;TLK1;RB1;MDC1;CCDC6;ANKRD12	Chk1
αCD3_5min	prerank	MAPKAPK2	0.47826754733775523	0.9774485805018094	0.5334190231362468	0.8966342759446209	1.0	7/19	25.10%	PARN;PFKFB3;CEP131;MRTFA;RBM7;RCSD1;NELFE	MAPKAPK2
αCD3_5min	prerank	PKCD	0.47190736855793675	0.9714726561111892	0.5170670037926675	0.8895636702533254	1.0	5/19	22.07%	GAPDH;PTPN22;EP300;MARK2;STAT1	PKCD
αCD3_5min	prerank	GSK3B	-0.3383878392283809	-0.9674808192056163	0.432258064516129	0.8680405583355281	0.999	10/33	12.39%	PRKAA1;H1-5;RFX1;ETS1;BORA;DPYSL2;HNRNPD;GFI1;NIFK;SPAG5	GSK3B
αCD3_5min	prerank	SGK1	-0.44832367222671965	-0.9673978638360017	0.5136186770428015	0.7717554794720978	0.999	1/10	0.66%	CARHSP1	SGK1
αCD3_5min	prerank	PKCE	0.5483637021748589	0.9607287931742337	0.5774456521739131	0.8921220938041796	1.0	5/8	41.10%	RAB5A;PRKD2;IQGAP1;GLS;BAD	PKCE
αCD3_5min	prerank	FAK	-0.5276032020671938	-0.9567905482326999	0.5337837837837838	0.7159652357124044	0.999	1/6	1.31%	SH3GL1	FAK
αCD3_5min	prerank	PAK2	-0.5599359590419987	-0.9566895305195743	0.5415282392026578	0.6509445255823977	0.999	1/5	1.07%	PAK2	PAK2
αCD3_5min	prerank	Akt1	0.3990410542060987	0.9559265096234731	0.5842696629213483	0.8826811585432275	1.0	11/53	13.13%	AGAP2;PLCG1;IWS1;ACIN1;RPS6KA3;BCL10;PFKFB3;HTT;EDC3;ADAR;EP300	Akt1
αCD3_5min	prerank	p90RSK	0.4733224975428633	0.953606435382714	0.5611325611325612	0.8672733971851855	1.0	4/16	7.55%	CIC;VASP;EIF4B;REPS1	p90RSK
αCD3_5min	prerank	PRKD1	0.5225365310989379	0.9517788379304813	0.5877551020408164	0.8509392835411643	1.0	5/10	28.96%	VASP;MARK2;PI4KB;OSBP;HDAC7	PRKD1
αCD3_5min	prerank	mTOR	-0.39858525704912445	-0.9209553247291841	0.569672131147541	0.6542796944956545	0.999	1/12	0.16%	SRRM1	mTOR
αCD3_5min	prerank	CK1D	0.5256609416682408	0.908393515481661	0.6488011283497884	0.9189558210247866	1.0	3/7	26.66%	NCOA3;TOP2B;PRKD2	CK1D
αCD3_5min	prerank	CDK2	0.363600800544383	0.9075523650470897	0.675054704595186	0.9003223204122754	1.0	26/78	22.64%	ZNF609;BCLAF1;CRTC2;MKI67;LIG3;SCML2;AFDN;HMGA1;MED1;RBL1;MRTFA;PRRC2A;LRCH3;TERF2IP;STMN1;GIGYF2;RBL2;TOPBP1;EIF4G1;RB1;MDC1;ZC3H11A;LARP1;CCDC6;SRSF9;THRAP3	CDK2
αCD3_5min	prerank	JNK1	-0.33153145446234056	-0.8805748925425817	0.7	0.6639087538745162	1.0	2/22	4.84%	EIF4ENIF1;SIRT1	JNK1
αCD3_5min	prerank	ROCK1	0.5073969081223987	0.8776037952002974	0.672627235213205	0.9341671158252229	1.0	1/8	0.33%	PPP1R12A	ROCK1
αCD3_5min	prerank	HIPK2	0.5442987891760417	0.8684815439409171	0.7093184979137691	0.9307690135276342	1.0	2/5	13.13%	HMGA1;EP300	HIPK2
αCD3_5min	prerank	CDK1	0.3179646794669386	0.8275991755984504	0.8248704663212435	0.9796305678079078	1.0	40/109	31.26%	EML3;SRRM2;MAPK3;PIK3C2A;MKI67;LIMD1;IL16;CDC27;NUP50;LIG3;STIM1;SCML2;HMGA1;EPB41;CDCA5;EP300;KIF20A;SEPTIN9;ARHGEF2;AHNAK;STMN1;GIGYF2;EIF4G1;RB1;TPR;ZC3H11A;NDEL1;NCOA3;IREB2;MPLKIP;TOP2B;PI4KB;TOP2A;PYCR2;RPS6KB1;NCL;VIM;INCENP;PPP1R13L;RPTOR	CDK1
αCD3_5min	prerank	ZAP70	0.5043692975416418	0.8223221030321805	0.7429906542056075	0.9684968228416504	1.0	2/5	25.02%	LCP2;DBNL	ZAP70
αCD3_5min	prerank	PKCT	0.4585081910780701	0.8108637844039114	0.7568306010928961	0.9666668327925934	1.0	2/8	4.51%	PPP1R12A;PRKCQ	PKCT
αCD3_5min	prerank	ATM	0.34442207486184173	0.8105466406321998	0.791907514450867	0.9484733346802312	1.0	10/40	26.91%	MATR3;MED1;PBRM1;TAOK3;EP300;TOPBP1;MDC1;CCDC6;TOP2B;USP28	ATM
αCD3_5min	prerank	IKKA	0.4798318781180605	0.7926395515276661	0.7784011220196353	0.9557250395246492	1.0	1/6	22.15%	NCOA3	IKKA
αCD3_5min	prerank	PKCB	0.46180723659992595	0.764425534989217	0.7964338781575037	0.9757619688654172	1.0	3/6	17.47%	EPB41;PRKCB;STMN1	PKCB
αCD3_5min	prerank	CDK9	-0.38155015175104345	-0.756814156632058	0.7593984962406015	0.7833026073215696	1.0	3/7	13.29%	SIRT1;BORA;POLR2A	CDK9
αCD3_5min	prerank	CDK7	0.46078886386081425	0.7347978051526807	0.8201133144475921	0.9930788012292714	1.0	2/5	19.69%	MED1;RB1	CDK7
αCD3_5min	prerank	AurB	0.3199142386563864	0.6956487303624475	0.913730255164034	1.0	1.0	11/29	30.76%	MKI67;CDCA5;KIF20A;AHNAK;RB1;NELFE;GBF1;RACGAP1;RBMX;VIM;INCENP	AurB
αCD3_5min	prerank	LYN	0.35204703998013653	0.6703712988183107	0.8965968586387435	1.0	1.0	1/12	2.71%	HCLS1	LYN
αCD3_5min	prerank	Chk2	0.3444862949042695	0.6282660072216588	0.9306666666666666	1.0	1.0	5/10	43.64%	RB1;INCENP;BLM;CDC25C;TRIM28	Chk2
αCD3_5min	prerank	ULK1	0.3912576282966838	0.6172385036798707	0.9409158050221565	1.0	1.0	2/5	31.26%	SEC16A;RPTOR	ULK1
αCD3_5min	prerank	TAK1	0.33445715699593204	0.6005164136206591	0.9416553595658074	1.0	1.0	6/9	39.87%	EIF4B;RBMX;HDAC7;HNRNPA2B1;GAPVD1;CDC25C	TAK1
αCD3_5min	prerank	JAK2	0.29505118965696164	0.5277570574945227	0.9748010610079576	1.0	1.0	3/9	25.76%	MAPK3;STAT1;MAPK1	JAK2
αCD3_5min	prerank	CDC7	0.3052683370545811	0.49701556581909895	0.9786628733997155	1.0	1.0	2/6	29.45%	TOP2A;NCL	CDC7
αCD3_5min	prerank	PAK1	0.23605444562173425	0.4848441220776452	0.9974811083123426	1.0	1.0	7/18	29.70%	ARHGEF2;NF2;STMN1;MORC2;ARHGDIA;RAF1;VIM	PAK1
αCD3_5min	prerank	DNAPK	0.26049106176577463	0.46008439328902667	0.994475138121547	0.9966788104719139	1.0	1/9	12.14%	MED1	DNAPK
αCD3_αCD226_10min	prerank	EGFR	-0.8317754327214276	-1.5179139543367886	0.06825938566552901	0.6072767364939361	0.587	2/6	4.92%	PTPN1;EPB41	EGFR
αCD3_αCD226_10min	prerank	Akt2	0.8062538940889729	1.3226326481043267	0.0787292817679558	1.0	0.966	5/6	17.80%	GAPDH;ADAR;EDC3;C2CD5;NF2	Akt2
αCD3_αCD226_10min	prerank	ATR	-0.5341449034958108	-1.315893199334655	0.09895833333333333	0.9585446527012128	0.923	4/19	11.40%	KMT2A;HUWE1;WDHD1;TP53BP1	ATR
αCD3_αCD226_10min	prerank	ERK1	0.5624382835242221	1.2947838823672555	0.07760532150776053	1.0	0.985	26/47	34.95%	MAPK3;NUP153;MED1;CRTC3;SORBS3;MRTFA;LIMA1;STMN1;NUP50;WASF2;GTF2I;RAB5A;MKNK1;ARHGEF2;EIF4G1;LAT;BAD;ABI1;SEC16A;PXN;RAF1;CDKN1A;TOP2A;EP300;RPTOR;STAT1	ERK1
αCD3_αCD226_10min	prerank	Fyn	0.6641867032050263	1.2891289815587799	0.12548015364916773	1.0	0.986	3/15	7.88%	BSG;RPS6KA3;AGAP2	Fyn
αCD3_αCD226_10min	prerank	AurA	0.6442378732182852	1.2540173695139398	0.15789473684210525	1.0	0.998	3/16	7.30%	TACC3;YY1;CETN2	AurA
αCD3_αCD226_10min	prerank	Ret	0.7965567601583148	1.2470967849294126	0.13983050847457626	1.0	0.999	1/5	3.53%	MAPK3	Ret
αCD3_αCD226_10min	prerank	ERK2	0.5260193308880216	1.2401980302052114	0.12638580931263857	1.0	1.0	23/54	27.97%	RPS6KA1;RGS19;RPS6KA3;NUP153;MED1;CRTC3;SORBS3;DMTN;ERF;MRTFA;NUP50;WASF2;GTF2I;PTPN7;MKNK1;NDEL1;STIM1;ARHGEF2;EIF4G1;CEP55;ADD1;BAD;ABI1	ERK2
αCD3_αCD226_10min	prerank	PKCD	0.6179623378260095	1.2387709738456343	0.15647921760391198	1.0	1.0	6/19	25.68%	GAPDH;GSK3A;MARK2;PTPN22;PRKCD;ADD1	PKCD
αCD3_αCD226_10min	prerank	PRKD2	0.7806900328648723	1.233121577540458	0.19400855920114124	1.0	1.0	3/5	17.97%	VASP;MARK2;HDAC7	PRKD2
αCD3_αCD226_10min	prerank	PKACA	0.5132262985825441	1.2141931406461801	0.13986784140969163	1.0	1.0	22/57	27.32%	AKAP13;VASP;PDE4A;GSK3A;CETN2;MARK2;EMD;DMTN;PFKFB3;STMN1;NF2;MARK3;PTPN7;STIM1;NCOA3;ATXN1;PFKFB2;RB1;ADD1;URI1;PJA2;BAD	PKACA
αCD3_αCD226_10min	prerank	MAPKAPK2	0.5985393554595247	1.2045649254082846	0.20833333333333334	1.0	1.0	7/19	17.88%	RCSD1;CEP131;TRIM28;PARN;PFKFB3;MRTFA;RBM7	MAPKAPK2
αCD3_αCD226_10min	prerank	Cot	0.7630893403480749	1.2018310939434873	0.20689655172413793	1.0	1.0	3/5	23.46%	RPS6KA1;MAP2K2;EIF4G1	Cot
αCD3_αCD226_10min	prerank	p70S6K	0.6677598557933473	1.2014774733725546	0.21668909825033647	1.0	1.0	3/10	9.02%	EIF4B;NCBP1;RICTOR	p70S6K
αCD3_αCD226_10min	prerank	PKCB iso2	0.7045859032805595	1.181638494066605	0.23841961852861035	1.0	1.0	3/7	23.46%	GSK3A;PRKCB;EIF4G1	PKCB iso2
αCD3_αCD226_10min	prerank	PKCB	0.7260903317357692	1.1814907158545944	0.254421768707483	1.0	1.0	4/6	15.67%	PRKAA1;GSK3A;PRKCB;STMN1	PKCB
αCD3_αCD226_10min	prerank	IKKA	0.7191775489980848	1.175354178469504	0.2612481857764877	1.0	1.0	3/6	21.90%	NFKB2;NCOR2;NCOA3	IKKA
αCD3_αCD226_10min	prerank	p90RSK	0.5986190899372815	1.173430533890377	0.2614795918367347	1.0	1.0	10/16	34.13%	EIF4B;VASP;TERF2IP;REPS1;CDC25B;BAD;CARHSP1;CDC25C;RPTOR;PDCD4	p90RSK
αCD3_αCD226_10min	prerank	NEK6	0.6982385863759311	1.1733147858755093	0.2561307901907357	0.9431536329867731	1.0	1/7	0.66%	BSG	NEK6
αCD3_αCD226_10min	prerank	LYN	0.6306607123204419	1.171072933288118	0.2558139534883721	0.9024557300367525	1.0	6/12	20.75%	HCLS1;YY1;TRIM28;GCSAM;NMT1;PEAK1	LYN
αCD3_αCD226_10min	prerank	PRKD1	0.6549246445057023	1.1649916384729073	0.26116373477672533	0.8872228181546414	1.0	6/10	28.88%	VASP;MARK2;HDAC7;OSBP;BAD;KAT7	PRKD1
αCD3_αCD226_10min	prerank	Akt3	0.7199852593220616	1.1380282894524254	0.3	0.9777614433678583	1.0	3/5	17.80%	IWS1;ADAR;NF2	Akt3
αCD3_αCD226_10min	prerank	AMPKA1	0.5176771989330153	1.127383091545836	0.2983490566037736	0.9828122762636627	1.0	16/29	33.88%	GAPDH;PRKAA1;VASP;PFKFB3;KLC1;ZNF692;MKNK1;STIM1;TBC1D1;PFKFB2;GAPVD1;NCL;SLC12A2;EP300;ACACA;RPTOR	AMPKA1
αCD3_αCD226_10min	prerank	Syk	0.680653282101619	1.1260656988677085	0.34084880636604775	0.9446040761777481	1.0	3/7	12.31%	LCP2;HCLS1;GCSAM	Syk
αCD3_αCD226_10min	prerank	IKKB	0.6507505099291386	1.1206457624703796	0.34800550206327374	0.9266883597960458	1.0	4/8	13.95%	OPTN;TMIGD2;PFKFB3;HTT	IKKB
αCD3_αCD226_10min	prerank	ROCK1	0.6466996233907565	1.1182443765223054	0.3586666666666667	0.8985967256932843	1.0	3/8	25.68%	PPP1R12A;ARHGAP35;ADD1	ROCK1
αCD3_αCD226_10min	prerank	Akt1	0.4730323258131895	1.1154839390047178	0.2962962962962963	0.8734580688272636	1.0	15/53	17.80%	HNRNPA1;IWS1;PRKAA1;GSK3A;ACIN1;RPS6KA3;AGAP2;RICTOR;TMIGD2;ADAR;PFKFB3;HTT;EDC3;KAT6A;NF2	Akt1
αCD3_αCD226_10min	prerank	TAK1	0.6243345418562157	1.103883794289387	0.33921302578018997	0.8877406255622092	1.0	6/9	30.27%	EIF4B;HDAC7;HNRNPA2B1;GAPVD1;RBMX;CDC25C	TAK1
αCD3_αCD226_10min	prerank	MARK2	0.6934883702573786	1.0963972829158193	0.3802612481857765	0.8837732486913911	1.0	3/5	23.38%	MARK2;HDAC7;ARHGEF2	MARK2
αCD3_αCD226_10min	prerank	CDK6	0.673178859113898	1.0929037589765498	0.3453038674033149	0.865834566369147	1.0	4/6	32.73%	PFKFB3;RBL2;RB1;CDKN1A	CDK6
αCD3_αCD226_10min	prerank	PKCZ	0.6786460281559548	1.0927572171394875	0.38095238095238093	0.8366245377144372	1.0	4/6	25.68%	MARK2;MARK3;NCOA3;ADD1	PKCZ
αCD3_αCD226_10min	prerank	PKCE	0.6336865585975555	1.0916574729031128	0.3717421124828532	0.8125225526227865	1.0	3/8	27.32%	GLS;RAB5A;BAD	PKCE
αCD3_αCD226_10min	prerank	CDK7	0.6952840634274653	1.0897520246025925	0.37212643678160917	0.7923940808122176	1.0	2/5	25.35%	MED1;RB1	CDK7
αCD3_αCD226_10min	prerank	ZAP70	0.6957298248364192	1.0878233729505884	0.3827683615819209	0.773454727697962	1.0	1/5	2.54%	LCP2	ZAP70
αCD3_αCD226_10min	prerank	Chk2	0.6000386341238717	1.0775695667990877	0.41005291005291006	0.7821583695289007	1.0	2/10	8.20%	INCENP;TRIM28	Chk2
αCD3_αCD226_10min	prerank	TBK1	0.650403667910536	1.0753168557141426	0.41935483870967744	0.7660285764823804	1.0	2/7	13.95%	OPTN;HTT	TBK1
αCD3_αCD226_10min	prerank	CDK4	0.663297365899301	1.0721623561318878	0.3905160390516039	0.7549157558111785	1.0	4/6	32.73%	RBL2;RBL1;RB1;CDKN1A	CDK4
αCD3_αCD226_10min	prerank	GSK3A	0.5731627877021951	1.0576767604061306	0.4129287598944591	0.7769462078182426	1.0	3/11	9.02%	PRKAA1;GSK3A;RICTOR	GSK3A
αCD3_αCD226_10min	prerank	CDK1	-0.30043583950499797	-1.056108117872772	0.21428571428571427	1.0	0.996	14/109	7.05%	RECQL4;LIG1;TOP2B;VGLL4;DTL;TMPO;UNG;PTPN1;TCOF1;EPB41;USP24;RANBP2;EEF2;VCPIP1	CDK1
αCD3_αCD226_10min	prerank	ATM	-0.3629375836541348	-1.051538765750428	0.37209302325581395	1.0	0.997	6/40	7.22%	ZEB1;TOP2B;HUWE1;DBN1;GIT2;RIF1	ATM
αCD3_αCD226_10min	prerank	CDK2	-0.31602890252534926	-1.0456155140426635	0.36363636363636365	0.94954796030871	0.997	12/78	7.38%	RECQL4;MCM4;ARID1A;LIG1;LARP1;CC2D1A;DTL;UNG;BAZ2A;EEF2;ANKRD17;ADD3	CDK2
αCD3_αCD226_10min	prerank	PDK1	0.6187918596054969	1.039829094783127	0.47203274215552526	0.8090797446293605	1.0	2/7	9.43%	RPS6KA1;MAP2K2	PDK1
αCD3_αCD226_10min	prerank	P38A	0.507308884537405	1.0288379623119521	0.4365175332527207	0.8175576344804543	1.0	9/21	37.00%	MRTFA;PTPN7;MKNK1;NCOA3;RB1;PXN;CDKN1A;STAT1;BAZ1B	P38A
αCD3_αCD226_10min	prerank	JNK2	0.6322683745998071	1.0284590759435788	0.4714881780250348	0.7974710221285564	1.0	5/6	37.00%	NFATC3;LIMD1;CDC25C;CDKN1A;BAZ1B	JNK2
αCD3_αCD226_10min	prerank	JNK1	0.49769515271629344	1.02312253801927	0.48533007334963324	0.7915369194787838	1.0	12/22	38.88%	EIF4ENIF1;LIMD1;NCOA3;LAT;CDC25B;AIMP1;CDC25C;PXN;CDKN1A;RPTOR;JUNB;YWHAZ	JNK1
αCD3_αCD226_10min	prerank	PKG1	0.6030383307470137	0.9949217274714195	0.5345557122708039	0.8434680922151687	1.0	3/7	17.15%	VASP;STMN1;GTF2I	PKG1
αCD3_αCD226_10min	prerank	PLK1	0.4496045981505642	0.990238159506022	0.5103448275862069	0.8347787695098086	1.0	7/33	11.32%	SVIL;YY1;BORA;CDC27;MAP2K2;OPTN;GTSE1	PLK1
αCD3_αCD226_10min	prerank	RSK2	0.5853740580933329	0.9823105410151	0.5423023578363384	0.833596220638855	1.0	3/7	27.32%	GSK3A;STMN1;BAD	RSK2
αCD3_αCD226_10min	prerank	PAK2	-0.573788145418515	-0.981629021717146	0.4728434504792332	0.9482910694597575	1.0	1/5	1.07%	PAK2	PAK2
αCD3_αCD226_10min	prerank	CDC7	0.6017735789683868	0.9786890034288699	0.5519662921348315	0.8230955562980288	1.0	3/6	33.06%	PSIP1;NCL;TOP2A	CDC7
αCD3_αCD226_10min	prerank	ASK1	0.6254386747878473	0.9781905410386355	0.5772113943028486	0.8062256375988417	1.0	2/5	32.73%	MAPRE1;CDKN1A	ASK1
αCD3_αCD226_10min	prerank	CK2A1	0.42365110622108265	0.976608510982319	0.541019955654102	0.7922703699937534	1.0	10/49	16.65%	HNRNPA1;HCLS1;RGS19;YY1;CETN2;CDC27;HTT;NCOR2;ABCF1;WASF2	CK2A1
αCD3_αCD226_10min	prerank	Src	0.4138293895154668	0.9728397661105722	0.544456641053787	0.7839057090658343	1.0	29/55	39.13%	GAPDH;ARAF;ITGB7;RPS6KA3;EMD;MAPRE1;ARHGEF7;ARHGAP35;GTF2I;RBM10;PRKCD;ARHGEF2;ARHGAP5;BCLAF1;THRAP3;ARHGDIA;SFPQ;PXN;RAF1;LASP1;ACLY;PAG1;STAT1;FUS;THOC5;CORO7;IQGAP1;PRKD2;GRK2	Src
αCD3_αCD226_10min	prerank	PKCA	0.4285867850385221	0.9651857361459751	0.571921749136939	0.7825279819579017	1.0	5/41	4.92%	SPN;PRKAA1;CD3G;VASP;GSK3A	PKCA
αCD3_αCD226_10min	prerank	mTOR	-0.4375363223454948	-0.9558154402357476	0.5061224489795918	0.8659316427783903	1.0	4/12	7.14%	LARP1;SRRM1;AKT1S1;ANKRD17	mTOR
αCD3_αCD226_10min	prerank	LKB1	0.5542618622484359	0.9558076197030407	0.5911602209944752	0.7855717763216211	1.0	3/8	19.52%	PRKAA1;MARK2;MARK3	LKB1
αCD3_αCD226_10min	prerank	P38B	0.5858161467230364	0.9493240834037963	0.5818431911966988	0.782319411961243	1.0	3/6	33.88%	CDC25B;EP300;RPTOR	P38B
αCD3_αCD226_10min	prerank	DNAPK	0.5377915771579576	0.9462356012008369	0.581081081081081	0.772816965075372	1.0	1/9	7.55%	MED1	DNAPK
αCD3_αCD226_10min	prerank	CK1D	-0.4756146039121472	-0.9367818837475461	0.5074074074074074	0.7954796030871003	1.0	1/7	1.72%	TOP2B	CK1D
αCD3_αCD226_10min	prerank	SGK1	0.5095123573517175	0.9189791778646237	0.6236702127659575	0.8082917833920173	1.0	4/10	28.63%	RICTOR;HTT;MKNK1;CARHSP1	SGK1
αCD3_αCD226_10min	prerank	Chk1	0.39021327123481614	0.9189760869583294	0.6379498364231189	0.7930409950261302	1.0	20/57	27.07%	MATR3;MYCBP2;NUP153;MED1;TRIM28;SRRM2;MAP2K2;GTF3C1;MKI67;GOLGA4;TICRR;RAVER1;ANKRD12;TLK1;CCDC6;ARHGEF2;RB1;HNRNPA2B1;ADD1;CDC25B	Chk1
αCD3_αCD226_10min	prerank	PKCI	0.5489632625504393	0.906905950038244	0.658774373259053	0.7991201692838846	1.0	5/7	35.85%	MARK2;MARK3;BAD;EP300;VIM	PKCI
αCD3_αCD226_10min	prerank	AMPKA2	-0.47657601938515837	-0.9062751779433283	0.53125	0.7626607864755605	1.0	3/7	11.40%	PAK2;PDHA1;TP53BP1	AMPKA2
αCD3_αCD226_10min	prerank	ULK1	0.5763133533679352	0.9014217053553003	0.6637931034482759	0.794153023722018	1.0	2/5	33.88%	SEC16A;RPTOR	ULK1
αCD3_αCD226_10min	prerank	CK1A	-0.466235804279537	-0.8971895413411946	0.5894736842105263	0.7031973539140022	1.0	2/7	11.16%	CARD11;SRPK2	CK1A
αCD3_αCD226_10min	prerank	CAMK2A	-0.480122000559778	-0.8669512760122474	0.5915492957746479	0.6879823594266814	1.0	3/6	10.34%	CARD11;ETS1;AKAP5	CAMK2A
αCD3_αCD226_10min	prerank	Abl	0.41047710420919514	0.8358781719719977	0.7367773677736777	0.879045749606224	1.0	7/21	32.90%	YY1;EMD;NCOA3;RB1;ABI1;PXN;LASP1	Abl
αCD3_αCD226_10min	prerank	GSK3B	0.3823085508866243	0.8343744922311848	0.7418181818181818	0.8655582323667504	1.0	6/33	11.65%	PRKAA1;BORA;MARK2;RICTOR;NFKB2;MAPRE1	GSK3B
αCD3_αCD226_10min	prerank	PKCT	0.4808116816068143	0.8226829118372039	0.75	0.8664320195398458	1.0	5/8	27.32%	PPP1R12A;PRKCQ;PTPN7;CBLB;BAD	PKCT
αCD3_αCD226_10min	prerank	FAK	0.5099351240648569	0.8158552774484653	0.7654320987654321	0.8612400686347239	1.0	3/6	31.34%	ITGB7;LAT;PXN	FAK
αCD3_αCD226_10min	prerank	JAK2	0.4548450770978456	0.7948723719758057	0.7553763440860215	0.8735315736719012	1.0	2/9	17.15%	MAPK3;GTF2I	JAK2
αCD3_αCD226_10min	prerank	Lck	0.42376601109814077	0.7813916125159455	0.7924281984334204	0.8750992753583499	1.0	2/11	8.29%	LCP2;PRKCQ	Lck
αCD3_αCD226_10min	prerank	AurB	0.33702661674845596	0.7250570297946181	0.8936416184971099	0.9223376049491825	1.0	4/29	14.77%	YY1;INCENP;MKI67;SEPTIN1	AurB
αCD3_αCD226_10min	prerank	Pim1	0.42787266930296597	0.7140314782936724	0.8403247631935047	0.9183555279779803	1.0	4/7	32.73%	MARK3;CBX8;BAD;CDKN1A	Pim1
αCD3_αCD226_10min	prerank	CDK9	0.4032770463499832	0.673562736640768	0.8901251738525731	0.9400121115937186	1.0	2/7	25.35%	BORA;RB1	CDK9
αCD3_αCD226_10min	prerank	CDK5	0.2826007921794183	0.5873417502818473	0.9769417475728155	0.9790845305713332	1.0	8/23	38.06%	AGAP2;HTT;RB1;ADD1;PXN;VIM;RPS6KB1;PARP1	CDK5
αCD3_αCD226_10min	prerank	HIPK2	-0.30230642504118616	-0.5221989604340566	0.9581881533101045	0.9855016538037487	1.0	5/5	69.98%	SIRT1;PML;HDAC3;EP300;HMGA1	HIPK2
αCD3_αCD226_10min	prerank	PAK1	0.25592824278010934	0.5114481815450865	0.9886792452830189	0.989041095890411	1.0	10/18	31.99%	STMN1;NF2;ARHGEF2;MAP3K1;BAD;PCBP1;MORC2;ARHGDIA;PXN;RAF1	PAK1
αCD3_αCD226_5min	prerank	HIPK2	-0.8843694865413969	-1.6718244295857385	0.006872852233676976	0.28113925712035703	0.281	2/5	1.89%	EP300;SIRT1	HIPK2
αCD3_αCD226_5min	prerank	EGFR	0.9053266824375265	1.5530504388091575	0.0027137042062415195	0.21557630413307416	0.182	1/6	0.74%	PLCG1	EGFR
αCD3_αCD226_5min	prerank	CK1A	-0.7141793485867534	-1.5276799290729448	0.07058823529411765	0.3835148969681061	0.608	2/7	1.97%	CARD11;SRPK2	CK1A
αCD3_αCD226_5min	prerank	Syk	0.8114536341005557	1.4243157999827318	0.03372243839169909	0.8707179503521238	0.75	3/7	6.32%	PLCG1;HCLS1;LCP2	Syk
αCD3_αCD226_5min	prerank	CDC7	-0.6940197410377865	-1.4086143779685818	0.12142857142857143	0.45754035962724765	0.81	1/6	3.69%	MCM2	CDC7
αCD3_αCD226_5min	prerank	MAPKAPK2	0.6491358719224868	1.4043915022602511	0.04065040650406504	0.7515375545712374	0.834	11/19	27.50%	LIMK1;RCSD1;CEP131;PARN;PFKFB3;TRIM28;MRTFA;MDM2;RBM7;NELFE;CDC25B	MAPKAPK2
αCD3_αCD226_5min	prerank	Ret	0.839243826569085	1.3704796960476808	0.0584958217270195	0.8270768936617698	0.913	2/5	3.20%	PLCG1;MAPK3	Ret
αCD3_αCD226_5min	prerank	CDK6	0.7844267639690432	1.3456600107718277	0.08831521739130435	0.8398011535642586	0.953	3/6	20.44%	PFKFB3;RBL2;RB1	CDK6
αCD3_αCD226_5min	prerank	JNK2	0.7958255553546338	1.3375616669206714	0.07651006711409396	0.7597750231031516	0.962	2/6	12.23%	LIMD1;BAZ1B	JNK2
αCD3_αCD226_5min	prerank	ERK2	0.5474347559651493	1.3196705806270788	0.05301455301455302	0.7694646897349169	0.977	21/53	25.62%	RPS6KA1;RGS19;NUP153;RPS6KA3;ERF;BRAF;NUP214;HELLS;MED1;DMTN;NUP50;CRTC3;STIM1;MKNK1;MRTFA;RPTOR;NDEL1;GTF2I;MAPK1;ARHGEF2;EIF4G1	ERK2
αCD3_αCD226_5min	prerank	ROCK1	0.7133601855195599	1.284202628008555	0.1294871794871795	0.9193540677480003	0.995	2/8	3.37%	PPP1R12A;LIMK1	ROCK1
αCD3_αCD226_5min	prerank	Lck	0.6605853744923891	1.28351217014198	0.14037267080745341	0.8218773567870156	0.995	2/11	6.32%	PRKCQ;LCP2	Lck
αCD3_αCD226_5min	prerank	CAMK2A	-0.6345479091228001	-1.2795543280448034	0.21785714285714286	0.5518440740254628	0.919	2/6	8.70%	CARD11;ETS1	CAMK2A
αCD3_αCD226_5min	prerank	ERK1	0.5327190583428201	1.265034532671661	0.0906183368869936	0.8569420987221567	0.997	17/46	25.62%	NUP153;MAPK3;BRAF;NUP214;MED1;NUP50;CRTC3;BAZ1B;MKNK1;MRTFA;LIMA1;RPTOR;GTF2I;STMN1;ARHGEF2;RAB5A;EIF4G1	ERK1
αCD3_αCD226_5min	prerank	TBK1	0.7000186123448358	1.250278012889195	0.166446499339498	0.8686147668971672	0.999	6/7	29.15%	LMO7;RPTOR;OPTN;TRIP12;HTT;RPS6KB1	TBK1
αCD3_αCD226_5min	prerank	Fyn	0.6157667485087116	1.2409758849739816	0.1635294117647059	0.8505624422421211	0.999	4/15	16.83%	RPS6KA3;FYB1;NMT1;AGAP2	Fyn
αCD3_αCD226_5min	prerank	Akt3	0.7508114689340797	1.2268681922686069	0.16853932584269662	0.8710415170375019	1.0	4/5	24.79%	BRAF;IWS1;ADAR;NF2	Akt3
αCD3_αCD226_5min	prerank	MARK2	0.7484442579366427	1.2238983799810446	0.18410041841004185	0.8265510977980307	1.0	3/5	24.71%	MARK2;HDAC7;ARHGEF2	MARK2
αCD3_αCD226_5min	prerank	PKCB	0.7126490506647665	1.2208754119598024	0.19618528610354224	0.7860998693476945	1.0	4/6	22.50%	GSK3A;PRKCB;PRKAA1;STMN1	PKCB
αCD3_αCD226_5min	prerank	Cot	0.7389165643129213	1.2127313863191005	0.19971671388101983	0.7787693986807304	1.0	3/5	25.62%	RPS6KA1;MAP2K2;EIF4G1	Cot
αCD3_αCD226_5min	prerank	Pim1	0.6934599210760104	1.2072286657367026	0.19973718791064388	0.7596822355977859	1.0	4/7	23.40%	CXCR4;CBX8;MDM2;MARK3	Pim1
αCD3_αCD226_5min	prerank	JAK2	0.6542949696215163	1.1965180489867393	0.22509702457956016	0.770816736241675	1.0	5/9	24.14%	MAPK3;ARHGEF1;PDHA1;GTF2I;MAPK1	JAK2
αCD3_αCD226_5min	prerank	Chk2	0.6316065715096923	1.1930571073480718	0.21419518377693283	0.7460213102463944	1.0	3/10	20.44%	INCENP;TRIM28;RB1	Chk2
αCD3_αCD226_5min	prerank	LYN	0.6030594320933654	1.1800942707729614	0.243142144638404	0.7658216755361524	1.0	3/12	12.89%	HCLS1;NMT1;TRIM28	LYN
αCD3_αCD226_5min	prerank	PKACA	0.47513856148820643	1.1720532417548584	0.20062370062370063	0.765658929197376	1.0	31/57	35.47%	PLCG1;PDE4A;VASP;DMTN;GSK3A;MARK2;PFKFB3;IQGAP2;STIM1;AKAP13;RPTOR;RB1;ARHGAP17;STMN1;MARK3;MORC2;URI1;TPR;NF2;VIM;FYN;NCOA3;ARHGDIA;PJA2;ADD1;PLEC;PFKFB2;FOXO1;PTPN7;RAF1;ENSA	PKACA
αCD3_αCD226_5min	prerank	PKCZ	0.694146743610882	1.150038385964336	0.29535864978902954	0.8254995060705522	1.0	5/5	30.87%	MARK2;MARK3;VIM;NCOA3;ADD1	PKCZ
αCD3_αCD226_5min	prerank	PRKD1	0.5980036019531254	1.1411002989019468	0.3033292231812577	0.8282885102173427	1.0	5/10	24.22%	VASP;KAT7;MARK2;PI4KB;HDAC7	PRKD1
αCD3_αCD226_5min	prerank	AurB	0.5022599201676503	1.132638270442304	0.3010033444816054	0.829881138268379	1.0	14/29	32.27%	LMO7;INCENP;MKI67;KNL1;AHNAK;RB1;PRRC2C;RBMX;NELFE;VIM;CDCA2;PLEC;H2BC12;RACGAP1	AurB
αCD3_αCD226_5min	prerank	PKCB iso2	0.6373564326517683	1.1306429017063488	0.324468085106383	0.8054771995793633	1.0	4/7	33.00%	GSK3A;PRKCB;EIF4G1;LMNB1	PKCB iso2
αCD3_αCD226_5min	prerank	P38B	-0.5568153289589846	-1.1298150331712462	0.2556390977443609	0.7156844730279565	0.976	1/6	0.82%	EP300	P38B
αCD3_αCD226_5min	prerank	CDK4	0.6592567766710558	1.1188959151362363	0.3038821954484605	0.8221020558740836	1.0	3/6	20.44%	RBL2;RBL1;RB1	CDK4
αCD3_αCD226_5min	prerank	PLK1	0.48264384079206035	1.1131876745790037	0.3256325632563256	0.8121793441891589	1.0	12/33	27.50%	CLIP1;WDR62;KAT7;CDC27;KNL1;MAP2K2;MDM2;OPTN;MDC1;PCNT;VIM;CDC25B	PLK1
αCD3_αCD226_5min	prerank	PKCA	0.46350180918755374	1.105857353146012	0.3158458244111349	0.809800743853196	1.0	19/41	35.22%	SPN;PLCG1;VASP;GSK3A;PFKFB3;ARHGEF1;PRKAA1;CD3G;EIF4G1;VIM;DOCK8;ARHGDIA;RALBP1;ADD1;NF1;PRKD2;IQGAP1;RAF1;THOC5	PKCA
αCD3_αCD226_5min	prerank	PRKD2	0.6776586974443528	1.0982027597114163	0.35127478753541075	0.8107772218858544	1.0	5/5	32.51%	VASP;MARK2;PI4KB;HDAC7;PRKD2	PRKD2
αCD3_αCD226_5min	prerank	JNK1	0.5014387052330621	1.0824138124361045	0.38496583143507973	0.841764124788885	1.0	12/21	36.95%	LIMD1;WDR62;RPTOR;JUNB;EIF4ENIF1;CDC25B;NCOA3;AIMP1;ATN1;JUND;CDC25C;PXN	JNK1
αCD3_αCD226_5min	prerank	ULK1	-0.5521217199899568	-1.0807101365296696	0.34983498349834985	0.6851292820580128	0.983	1/5	1.72%	RB1CC1	ULK1
αCD3_αCD226_5min	prerank	Abl	0.501192936888044	1.0776005969478666	0.3811710677382319	0.8309270762768924	1.0	9/21	28.08%	PLCG1;ERCC6;MDM2;RAPGEF1;RB1;JUNB;PDHA1;NCOA3;NCK1	Abl
αCD3_αCD226_5min	prerank	Chk1	0.43767938680328194	1.0694136543322759	0.37985309548793283	0.8316776074694879	1.0	22/57	27.50%	LMO7;EML3;NUP153;MATR3;SRRM2;OSBPL11;MED1;TICRR;MKI67;TRIM28;MCM3;MAP2K2;MYCBP2;MDC1;RB1;PRRC2C;ANKRD12;HNRNPA2B1;ARHGEF2;TRIP12;PPME1;CDC25B	Chk1
αCD3_αCD226_5min	prerank	Akt2	0.6236841632303058	1.0672975923767594	0.42191780821917807	0.8134540008285268	1.0	4/6	32.27%	ADAR;NF2;EDC3;RACGAP1	Akt2
αCD3_αCD226_5min	prerank	P38A	0.49214905733015074	1.066204202953641	0.40022805017103763	0.7925290124972586	1.0	5/21	20.44%	LIMK1;BAZ1B;MKNK1;MRTFA;RB1	P38A
αCD3_αCD226_5min	prerank	SGK1	0.5624417820616117	1.0606022749447046	0.424968474148802	0.7877924312709693	1.0	6/10	36.29%	MKNK1;MDM2;MAPK1;HTT;RICTOR;KMT2D	SGK1
αCD3_αCD226_5min	prerank	PDK1	0.6048751088813447	1.0546623654524099	0.42706964520367935	0.7831145172769085	1.0	2/7	14.12%	RPS6KA1;MAP2K2	PDK1
αCD3_αCD226_5min	prerank	ASK1	0.653497107397023	1.0536116880183277	0.43826322930800543	0.7645924500709244	1.0	1/5	17.08%	MAPRE1	ASK1
αCD3_αCD226_5min	prerank	mTOR	-0.42462876309819797	-1.039551512088051	0.39226519337016574	0.6550915943224644	0.989	4/12	8.29%	SRRM1;AKT1S1;PATL1;ANKRD17	mTOR
αCD3_αCD226_5min	prerank	RSK2	0.5967412355384953	1.0359366139026631	0.44954128440366975	0.7940347746457377	1.0	2/7	22.50%	GSK3A;STMN1	RSK2
αCD3_αCD226_5min	prerank	PKCE	0.5723759675704294	1.0348401133198544	0.4507042253521127	0.7768836115925118	1.0	4/8	38.75%	RAB5A;PRKD2;IQGAP1;BAD	PKCE
αCD3_αCD226_5min	prerank	CDK9	-0.4723724868818609	-1.0306132475383394	0.40625	0.5866911668197927	0.989	2/7	4.19%	SIRT1;NCOA2	CDK9
αCD3_αCD226_5min	prerank	CK1D	0.5811978147639717	1.0278406448322452	0.4838709677419355	0.7758643765335712	1.0	5/7	32.51%	MDM2;SMARCA4;DCK;NCOA3;PRKD2	CK1D
αCD3_αCD226_5min	prerank	AMPKA1	0.4524917455259871	1.0237682979071627	0.47244094488188976	0.767123340906141	1.0	10/29	21.35%	BRAF;VASP;PFKFB3;CCNY;PRKAA1;STIM1;MKNK1;RPTOR;PDHA1;TBC1D1	AMPKA1
αCD3_αCD226_5min	prerank	PAK2	-0.519606037397122	-1.0218010412823475	0.37318840579710144	0.5352408452552828	0.989	1/5	0.90%	PAK2	PAK2
αCD3_αCD226_5min	prerank	CK2A1	0.4182679896812712	1.0071821129112781	0.4963350785340314	0.7894449325570069	1.0	8/49	10.84%	CLIP1;RGS19;HNRNPA1;HCLS1;IL16;ABCF1;YWHAQ;CDC27	CK2A1
αCD3_αCD226_5min	prerank	IKKA	0.5722589465998019	0.986945096775777	0.5382475660639777	0.8219778965645781	1.0	3/6	33.91%	NFKB2;NCOA3;RELB	IKKA
αCD3_αCD226_5min	prerank	DNAPK	0.5289391828139621	0.9791417657132788	0.5568181818181818	0.8211019406647334	1.0	2/9	26.11%	MED1;VIM	DNAPK
αCD3_αCD226_5min	prerank	ZAP70	0.5874978427572218	0.9710527928971663	0.5544959128065395	0.8210594521100878	1.0	2/5	23.89%	LCP2;DBNL	ZAP70
αCD3_αCD226_5min	prerank	Src	0.40116740397703526	0.9676383203263342	0.5688935281837161	0.8110744108523158	1.0	25/55	36.95%	RPS6KA3;THRAP3;HLA-B;FUBP1;ARAF;MAPRE1;MDM2;RAPGEF1;ARHGEF7;PBK;PDHA1;GTF2I;ARHGAP5;ARHGEF2;TRIM25;GIT1;ARHGDIA;SH3GL1;RBM10;PRKD2;IQGAP1;RAF1;THOC5;PRKCD;PXN	Src
αCD3_αCD226_5min	prerank	NEK6	0.5522525877393761	0.9539945290034382	0.5930232558139535	0.8232620768631513	1.0	3/7	29.15%	EML4;RBL2;RPS6KB1	NEK6
αCD3_αCD226_5min	prerank	TAK1	0.5133784476555018	0.9348755179212795	0.5949685534591195	0.844822504062968	1.0	4/9	25.04%	EIF4B;HNRNPA2B1;HDAC7;RBMX	TAK1
αCD3_αCD226_5min	prerank	IKKB	0.4928695094894642	0.9000100016155967	0.6433289299867899	0.8941534231359285	1.0	4/8	33.91%	PFKFB3;OPTN;HTT;RELB	IKKB
αCD3_αCD226_5min	prerank	p90RSK	0.4339916830297349	0.8969813182709896	0.6615566037735849	0.8818017271597463	1.0	7/16	38.75%	VASP;RPTOR;EIF4B;CDC25B;CDC25C;REPS1;BAD	p90RSK
αCD3_αCD226_5min	prerank	GSK3B	0.3884064934047395	0.8935987225420922	0.6801310043668122	0.8702230836568399	1.0	7/32	20.53%	MARK2;AREL1;PRKAA1;MAPRE1;RPTOR;NFKB2;JUNB	GSK3B
αCD3_αCD226_5min	prerank	Akt1	0.36210509893735426	0.8734816598299548	0.7334732423924449	0.887138959635056	1.0	14/52	17.73%	PLCG1;HNRNPA1;RPS6KA3;BRAF;ACIN1;GSK3A;KAT6A;PFKFB3;PRKAA1;IWS1;ADAR;AGAP2;TOPBP1;MDM2	Akt1
αCD3_αCD226_5min	prerank	PKCT	0.4848059108189321	0.8685964364967553	0.6910039113428944	0.8786148089848863	1.0	2/8	5.34%	PPP1R12A;PRKCQ	PKCT
αCD3_αCD226_5min	prerank	FAK	0.5052330438688211	0.8517187454509877	0.7204884667571235	0.888945540295083	1.0	3/6	36.95%	GIT1;SH3GL1;PXN	FAK
αCD3_αCD226_5min	prerank	AurA	0.40058153335964614	0.8327511792066843	0.7434988179669031	0.8999139606768427	1.0	2/16	5.01%	LIMK1;WDR62	AurA
αCD3_αCD226_5min	prerank	CDK2	0.3302308479568151	0.8175077902847633	0.83640081799591	0.9044815561736628	1.0	22/78	25.62%	PRRC2A;THRAP3;MED1;TICRR;MKI67;KAT7;SRSF9;LRCH3;MCM3;MRTFA;ZC3H11A;AFDN;RBL2;TOPBP1;GIGYF2;RBL1;MDC1;RB1;LARP1;STMN1;SCML2;EIF4G1	CDK2
αCD3_αCD226_5min	prerank	PKCD	0.3801861889954967	0.8149761512500521	0.7625730994152047	0.891694437968667	1.0	3/19	11.41%	GSK3A;MARK2;CXCR4	PKCD
αCD3_αCD226_5min	prerank	CDK1	0.3144255720500547	0.8075190409145149	0.878147029204431	0.88625612467021	1.0	37/108	31.44%	LIMD1;EML3;MAPK3;IL16;SRRM2;INCENP;MKI67;KAT7;PIK3C2A;NUP50;CDC27;AHNAK;STIM1;ZC3H11A;RPTOR;GIGYF2;PBK;SEPTIN9;RB1;NDEL1;STMN1;PI4KB;SKA3;TPR;ARHGEF2;SCML2;EIF4G1;VIM;CDC25B;NCOA3;RPS6KB1;USP1;VGLL4;CDCA2;ADD1;PPP1R13L;PYCR2	CDK1
αCD3_αCD226_5min	prerank	p70S6K	-0.3351025097528677	-0.7926544427592959	0.7510729613733905	0.8717679485496784	1.0	2/10	6.81%	SRPK2;BACH2	p70S6K
αCD3_αCD226_5min	prerank	CDK7	0.48483026122116246	0.792629056910667	0.7934336525307798	0.8897357193897419	1.0	2/5	20.44%	MED1;RB1	CDK7
αCD3_αCD226_5min	prerank	AMPKA2	-0.3413154842900643	-0.712344901026449	0.7727272727272727	0.9149375365414216	1.0	1/7	0.90%	PAK2	AMPKA2
αCD3_αCD226_5min	prerank	PKCI	-0.3586919387166896	-0.7080960463577267	0.7870036101083032	0.8438115238220238	1.0	1/6	0.82%	EP300	PKCI
αCD3_αCD226_5min	prerank	GSK3A	0.3623719648244361	0.7002467989851378	0.874390243902439	0.9743523150951212	1.0	4/11	34.24%	GSK3A;PRKAA1;NCOA3;RICTOR	GSK3A
αCD3_αCD226_5min	prerank	LKB1	0.37759901032527066	0.6823702439263742	0.8880105401844532	0.9749979234589585	1.0	3/8	23.40%	MARK2;PRKAA1;MARK3	LKB1
αCD3_αCD226_5min	prerank	PKG1	0.38185874640562123	0.6684708394069275	0.8977119784656796	0.9701612132264129	1.0	3/7	22.50%	VASP;GTF2I;STMN1	PKG1
αCD3_αCD226_5min	prerank	ATM	0.2778421362791981	0.6518099562657742	0.9377682403433476	0.9677481521272349	1.0	8/39	20.28%	MATR3;MED1;TRIM28;MCM3;PBRM1;TOPBP1;MDM2;MDC1	ATM
αCD3_αCD226_5min	prerank	ATR	0.2999175546399734	0.6353100127232595	0.931113662456946	0.9647368232369905	1.0	4/18	20.28%	KMT2A;MCM3;MDM2;MDC1	ATR
αCD3_αCD226_5min	prerank	CDK5	0.2821463044965449	0.6240366654243246	0.9453734671125975	0.9569646503396225	1.0	9/23	36.95%	AGAP2;TLN1;RB1;HTT;VIM;RPS6KB1;ADD1;FOXO1;PXN	CDK5
αCD3_αCD226_5min	prerank	PAK1	0.2817769426443929	0.5967475232621701	0.9422850412249706	0.9571237372932666	1.0	9/18	29.06%	LIMK1;BRAF;STMN1;MORC2;ARHGEF2;NF2;GIT1;VIM;ARHGDIA	PAK1
αCD3_αCD2_10min	prerank	ULK1	-0.750415351310418	-1.4532602900387808	0.13745704467353953	1.0	0.72	2/5	3.77%	SEC16A;RIPK1	ULK1
αCD3_αCD2_10min	prerank	PKCB	0.7967918155078584	1.3839615838571042	0.04768211920529802	1.0	0.9	5/6	20.43%	PRKAA1;GSK3A;PRKCB;EPB41;STMN1	PKCB
αCD3_αCD2_10min	prerank	Ret	0.8108425266160626	1.3613140358719868	0.060941828254847646	1.0	0.948	2/5	0.49%	PLCG1;MAPK3	Ret
αCD3_αCD2_10min	prerank	PKCB iso2	0.7398359714917072	1.3454551568364586	0.08355437665782493	1.0	0.966	5/7	24.94%	GSK3A;PRKCB;FUS;LMNB1;EIF4G1	PKCB iso2
αCD3_αCD2_10min	prerank	ERK2	0.531747443473375	1.3377999776029446	0.03995793901156677	1.0	0.974	28/54	35.36%	RPS6KA1;MKNK1;CIC;NUP214;RPS6KA3;ERF;CRTC3;NUP50;NUP153;HELLS;CRTC2;SORBS3;EP300;ARHGEF2;PTPN7;ABI1;MRTFA;MAPK1;EIF4G1;NCOA2;STIM1;MED1;BAD;ADD1;PXN;PML;RPS6KB1;CEP55	ERK2
αCD3_αCD2_10min	prerank	EGFR	0.7710156283003429	1.3364308123878748	0.08367626886145405	1.0	0.977	2/6	3.36%	PLCG1;PRKDC	EGFR
αCD3_αCD2_10min	prerank	p90RSK	0.6187692221163776	1.333227488083422	0.08561236623067776	0.8602877545061187	0.98	5/16	14.44%	EIF4B;CIC;VASP;REPS1;CDC25B	p90RSK
αCD3_αCD2_10min	prerank	TAK1	0.6954366164752059	1.3206978465520907	0.10148514851485149	0.8297728074267057	0.988	6/9	26.58%	EIF4B;HNRNPA2B1;MAP3K7;HSP90B1;HDAC7;CDC25C	TAK1
αCD3_αCD2_10min	prerank	Abl	0.5733361745650873	1.2802869654936084	0.1247086247086247	1.0	0.998	9/21	23.38%	PLCG1;EMD;VAV1;ERCC6;NCOA3;RAPGEF1;PLEKHG2;ABI1;JUNB	Abl
αCD3_αCD2_10min	prerank	Syk	0.6990199543933442	1.256684113971921	0.17015706806282724	1.0	0.999	2/7	8.53%	PLCG1;LCP2	Syk
αCD3_αCD2_10min	prerank	CDK7	-0.6512970617342069	-1.253945654122099	0.2214765100671141	1.0	0.909	1/5	0.41%	POLR2A	CDK7
αCD3_αCD2_10min	prerank	ERK1	0.5019188588478756	1.2519845178502291	0.11004273504273504	0.9967030341642114	0.999	23/47	33.22%	MAPK3;MKNK1;CIC;NUP214;CRTC3;NUP50;NUP153;SORBS3;EP300;ARHGEF2;STMN1;ABI1;LIMA1;MRTFA;EIF4G1;NCOA2;RAB5A;MED1;XBP1;BAD;PXN;PML;BAZ1B	ERK1
αCD3_αCD2_10min	prerank	Fyn	0.5872946327728092	1.2410447614266618	0.18083832335329342	0.9807930382908483	0.999	11/15	34.21%	RPS6KA3;AGAP2;NMT1;FYB1;PECAM1;MAPK14;FUS;SLAMF1;FYN;PXN;PAG1	Fyn
αCD3_αCD2_10min	prerank	Cot	0.7405107776668133	1.2299027849100275	0.17783857729138167	0.9642443789652518	0.999	3/5	24.94%	RPS6KA1;MAP2K2;EIF4G1	Cot
αCD3_αCD2_10min	prerank	Chk1	0.47714402494075603	1.222735757586998	0.13354363827549948	0.9333316997568013	1.0	25/57	29.12%	MKI67;MATR3;HNRNPA2B1;BAZ1A;EPRS1;SPEN;TICRR;TRIM28;MYCBP2;MAP2K2;NUP153;SRRM2;CDC25B;BUD13;ARHGEF2;INF2;RACGAP1;ZC3HC1;ANKRD12;CDC25C;TRIP12;RB1;RANBP2;MDC1;MED1	Chk1
αCD3_αCD2_10min	prerank	PKACA	0.4759524452472105	1.2217455764603165	0.1259259259259259	0.8722294906654229	1.0	30/57	38.06%	PLCG1;EMD;VASP;MARK2;AKAP13;GSK3A;IQGAP2;TPR;EMSY;NCOA3;ARHGEF6;FOXO1;PTPN7;STMN1;URI1;PLEC;RB1;ARHGAP17;STIM1;NF2;FYN;ATXN1;BAD;ADD1;H1-4;PJA2;RAF1;RPTOR;PFKFB2;PDE3B	PKACA
αCD3_αCD2_10min	prerank	PRKD2	0.7331807647344676	1.2143679079498804	0.18194254445964433	0.8531379575801014	1.0	4/5	20.59%	VASP;MARK2;PRKD2;HDAC7	PRKD2
αCD3_αCD2_10min	prerank	PKCA	0.49280822837000116	1.2062453677215879	0.1788793103448276	0.8394341801385682	1.0	8/41	13.45%	SPN;PLCG1;PRKAA1;VASP;CD3G;GSK3A;PRKD2;BCL11B	PKCA
αCD3_αCD2_10min	prerank	Akt1	0.4776074658879792	1.2028929071627739	0.1537645811240721	0.8071298408668237	1.0	14/53	18.38%	PLCG1;ACIN1;PRKAA1;RPS6KA3;IWS1;AGAP2;GSK3A;HTT;TOPBP1;ADAR;EP300;EMSY;KAT6A;FOXO1	Akt1
αCD3_αCD2_10min	prerank	p70S6K	0.6020243672998677	1.1840549995502538	0.24099378881987576	0.8520471096245564	1.0	2/10	4.18%	EIF4B;EPRS1	p70S6K
αCD3_αCD2_10min	prerank	PKG1	0.6556254602711515	1.1839848107293531	0.2449528936742934	0.807483349609989	1.0	3/7	20.43%	VASP;ARHGEF6;STMN1	PKG1
αCD3_αCD2_10min	prerank	P38A	0.528601347988723	1.1733084925032704	0.2409090909090909	0.8159839133551008	1.0	12/21	40.69%	MKNK1;SNX27;NCOA3;PTPN7;MRTFA;RB1;PXN;BAZ1B;KAT5;BUB3;ELAVL1;STAT3	P38A
αCD3_αCD2_10min	prerank	Lck	0.5850009692940642	1.172669914552283	0.26282853566958697	0.7797699632532793	1.0	6/11	25.27%	VAV1;PRKCQ;LCP2;PECAM1;MAPK14;SLAMF1	Lck
αCD3_αCD2_10min	prerank	MARK2	0.6979311466192775	1.1720490404191983	0.2611036339165545	0.7472362391132799	1.0	3/5	20.59%	MARK2;ARHGEF2;HDAC7	MARK2
αCD3_αCD2_10min	prerank	PKCT	0.6346052961350155	1.1651992672155584	0.27054361567635904	0.7407764939701051	1.0	4/8	18.62%	PPP1R12A;PRKCQ;ARHGEF6;PTPN7	PKCT
αCD3_αCD2_10min	prerank	Akt2	0.6597272500279454	1.140549589273628	0.3033112582781457	0.8051080406678878	1.0	4/6	29.70%	ADAR;RACGAP1;NF2;EDC3	Akt2
αCD3_αCD2_10min	prerank	CDK4	0.6463677083971668	1.1372150152976936	0.300132802124834	0.7856666401210479	1.0	4/6	27.15%	RBL2;FOXO1;RBL1;RB1	CDK4
αCD3_αCD2_10min	prerank	P38B	0.6493723397907871	1.1128433518772456	0.33557951482479786	0.8496848218278497	1.0	3/6	16.57%	SNX27;CDC25B;EP300	P38B
αCD3_αCD2_10min	prerank	PDK1	0.6231045892315447	1.1116699775584378	0.3507853403141361	0.8231159247166255	1.0	3/7	14.77%	RPS6KA1;MAP2K2;PRKCD	PDK1
αCD3_αCD2_10min	prerank	RSK2	0.6159428492859751	1.109568751424287	0.3527080581241744	0.8022178864378434	1.0	3/7	20.43%	CIC;GSK3A;STMN1	RSK2
αCD3_αCD2_10min	prerank	PKCD	0.49879376518890783	1.0996536733582305	0.3684210526315789	0.8080411255708453	1.0	5/19	23.79%	MARK2;GSK3A;PRKCD;EP300;CXCR4	PKCD
αCD3_αCD2_10min	prerank	CDK9	-0.5299811712374913	-1.0946697860866363	0.3548387096774194	1.0	0.974	2/7	3.12%	POLR2A;SIRT1	CDK9
αCD3_αCD2_10min	prerank	PKCI	0.5923050962912788	1.0770809251651283	0.409387222946545	0.860999177085822	1.0	2/7	16.57%	MARK2;EP300	PKCI
αCD3_αCD2_10min	prerank	PRKD1	0.5505359159310016	1.0737853825374384	0.37531486146095716	0.8450323299945796	1.0	2/10	5.17%	VASP;MARK2	PRKD1
αCD3_αCD2_10min	prerank	Akt3	0.6403263236436534	1.0639362421269047	0.43373493975903615	0.8529400931751214	1.0	3/5	16.98%	IWS1;ADAR;EMSY	Akt3
αCD3_αCD2_10min	prerank	AMPKA1	0.4458310791823899	1.0630487934328863	0.3933333333333333	0.8297450896638602	1.0	12/29	37.57%	MKNK1;PRKAA1;VASP;EP300;FOXO1;STIM1;KLC1;NCL;ACACA;RPTOR;SLC12A2;PFKFB2	AMPKA1
αCD3_αCD2_10min	prerank	PKCE	0.578831706235383	1.055918855384933	0.43114543114543114	0.8271856803563984	1.0	6/8	40.69%	GLS;PRKD2;RAB5A;BAD;IQGAP1;STAT3	PKCE
αCD3_αCD2_10min	prerank	LKB1	0.5673297428065563	1.0500230903412824	0.4461738002594034	0.8205344770702739	1.0	2/8	5.17%	PRKAA1;MARK2	LKB1
αCD3_αCD2_10min	prerank	ASK1	0.6258323416928397	1.0480191229043228	0.44537815126050423	0.804203941139515	1.0	2/5	20.75%	MAPRE1;MAPK14	ASK1
αCD3_αCD2_10min	prerank	PLK1	0.4326647212558077	1.0452663091075798	0.43473451327433627	0.7904289413248559	1.0	14/33	29.37%	PRKDC;GTSE1;OPTN;CLIP1;CDC27;MAP2K2;BORA;CDC25B;RACGAP1;PCNT;SUGT1;CDC25C;MDC1;WDR62	PLK1
αCD3_αCD2_10min	prerank	AMPKA2	-0.48739289289175036	-1.0394637572870435	0.376425855513308	1.0	0.983	2/7	7.88%	PAK2;PDHA1	AMPKA2
αCD3_αCD2_10min	prerank	ROCK1	0.5497030350601765	1.031193807626835	0.4742268041237113	0.808438153598538	1.0	1/8	0.82%	PPP1R12A	ROCK1
αCD3_αCD2_10min	prerank	PKCZ	0.5841477714363263	1.0295041432095928	0.46963562753036436	0.792442666568652	1.0	2/6	17.47%	MARK2;NCOA3	PKCZ
αCD3_αCD2_10min	prerank	FAK	-0.49490719296174307	-1.0288741337815097	0.3895131086142322	0.8706013802168913	0.985	2/6	8.12%	LAT;ATP2B4	FAK
αCD3_αCD2_10min	prerank	MAPKAPK2	0.47174991691571827	1.027511009102641	0.45260663507109006	0.777353667277216	1.0	8/19	26.58%	RCSD1;CEP131;TRIM28;CDC25B;RBM7;PARN;MRTFA;CDC25C	MAPKAPK2
αCD3_αCD2_10min	prerank	Chk2	0.5292201684790608	1.025095366482314	0.46496815286624205	0.7646144313637132	1.0	6/10	40.44%	TRIM28;INCENP;CDC25C;RB1;PML;ELAVL1	Chk2
αCD3_αCD2_10min	prerank	SGK1	0.5210053141674372	1.0225200757279116	0.4824120603015075	0.7535743675506358	1.0	2/10	8.94%	MKNK1;HTT	SGK1
αCD3_αCD2_10min	prerank	PAK2	-0.5319431987105501	-1.0151330900589275	0.41064638783269963	0.7569503779165297	0.985	1/5	0.90%	PAK2	PAK2
αCD3_αCD2_10min	prerank	CDK2	0.38297522627442376	1.012675025027865	0.4794661190965092	0.7606182783252555	1.0	29/78	29.12%	MKI67;ANKLE2;LIG3;AFDN;TICRR;SCML2;TOPBP1;BCLAF1;LRCH3;CRTC2;SORBS3;PRRC2A;RBL2;ZC3H11A;GIGYF2;FOXO1;NUP98;STMN1;DIAPH3;RBL1;MRTFA;EIF4G1;TOR1AIP1;CDC25C;RB1;MDC1;NCL;THRAP3;MED1	CDK2
αCD3_αCD2_10min	prerank	ATM	-0.2777159995503356	-0.9999485428444013	0.4861111111111111	0.678662973569316	0.988	7/40	8.45%	ZEB1;PBRM1;DBN1;GIT2;DGCR8;TOP2B;RPA2	ATM
αCD3_αCD2_10min	prerank	JNK2	0.5693322829891087	0.9897922556056657	0.5274261603375527	0.7979008448746444	1.0	3/6	33.22%	LIMD1;CDC25C;BAZ1B	JNK2
αCD3_αCD2_10min	prerank	mTOR	-0.4020571425548484	-0.9842667166033543	0.3891891891891892	0.6201281629970423	0.989	4/12	9.43%	SRRM1;LARP1;AKT1S1;ANKRD17	mTOR
αCD3_αCD2_10min	prerank	IKKA	0.552736621406303	0.9622507393870833	0.5635876840696118	0.8452648810313856	1.0	2/6	17.47%	NFKB2;NCOA3	IKKA
αCD3_αCD2_10min	prerank	IKKB	0.5136520549576172	0.9526770152062429	0.5818414322250639	0.8484178234208531	1.0	2/8	9.35%	HTT;OPTN	IKKB
αCD3_αCD2_10min	prerank	JAK2	0.5018899173023426	0.9446274746883268	0.5849056603773585	0.8489163457188412	1.0	1/9	0.49%	MAPK3	JAK2
αCD3_αCD2_10min	prerank	Src	0.3597434414479911	0.9212692825908813	0.6346356916578669	0.8794961641581057	1.0	17/55	24.61%	EMD;ARAF;RPS6KA3;PRKD2;BCLAF1;MAPRE1;PRKCD;ARHGEF7;ARHGAP5;ARHGEF2;RAPGEF1;MPZL1;TRIM25;PLEKHG2;GIT1;RBM10;FUS	Src
αCD3_αCD2_10min	prerank	Pim1	0.49496602487123553	0.90001221011144	0.6558018252933507	0.9027081406744429	1.0	5/7	45.69%	CBX8;CXCR4;BAD;MDM2;CDKN1A	Pim1
αCD3_αCD2_10min	prerank	TBK1	0.5036628709846693	0.8937291755080058	0.6666666666666666	0.8974168989408298	1.0	5/7	36.67%	HTT;OPTN;TRIP12;RPS6KB1;RPTOR	TBK1
αCD3_αCD2_10min	prerank	CK1A	0.4842886223546927	0.8779593713165468	0.6824769433465085	0.9074404246049779	1.0	2/7	18.38%	YWHAQ;FOXO1	CK1A
αCD3_αCD2_10min	prerank	CDK6	0.4925535897807924	0.8635694134697568	0.7060402684563758	0.9138359848322418	1.0	4/6	45.69%	RBL2;RB1;ELAVL1;CDKN1A	CDK6
αCD3_αCD2_10min	prerank	ZAP70	0.5061926966293548	0.8468850026673442	0.7312588401697313	0.9241177964331705	1.0	3/5	20.75%	LCP2;DBNL;MAPK14	ZAP70
αCD3_αCD2_10min	prerank	DNAPK	-0.3673872370834439	-0.8450576524518724	0.6534653465346535	0.7883594406105087	0.998	1/9	0.41%	POLR2A	DNAPK
αCD3_αCD2_10min	prerank	NEK6	0.4733962174034897	0.8426862035585825	0.7319034852546917	0.9130911193107577	1.0	3/7	19.28%	EML4;RBL2;NUP98	NEK6
αCD3_αCD2_10min	prerank	GSK3A	0.4116321353578342	0.8155559368358839	0.7358024691358025	0.936671903393254	1.0	3/11	17.47%	PRKAA1;GSK3A;NCOA3	GSK3A
αCD3_αCD2_10min	prerank	CK1D	0.4469272932440423	0.8118294691510121	0.7586666666666667	0.9249001695127362	1.0	2/7	17.47%	PRKD2;NCOA3	CK1D
αCD3_αCD2_10min	prerank	GSK3B	0.3392567543650765	0.8111724589549499	0.7809734513274337	0.9094414382695609	1.0	6/33	16.74%	PRKAA1;MARK2;BCLAF1;BORA;MAPRE1;NFKB2	GSK3B
αCD3_αCD2_10min	prerank	AurB	0.34078926787442543	0.8026396990759572	0.797085201793722	0.9056838746351122	1.0	2/29	3.36%	MKI67;PRKDC	AurB
αCD3_αCD2_10min	prerank	CDK5	0.35427196974074326	0.8014138284038232	0.7970353477765109	0.8918345227120265	1.0	12/23	42.33%	EPRS1;AGAP2;HTT;FOXO1;RB1;ADD1;PXN;RPS6KB1;ELAVL1;STAT3;VIM;CLASP2	CDK5
αCD3_αCD2_10min	prerank	CK2A1	0.30778682241916466	0.768118006487399	0.8591101694915254	0.9161699981418067	1.0	15/49	28.22%	IL16;HTT;CLIP1;CDC27;YWHAQ;CHD4;CDC25B;ABCF1;MAPK1;EIF4G1;NCOA2;CDC25C;HMGN1;ANP32A;MDC1	CK2A1
αCD3_αCD2_10min	prerank	CDK1	0.28354609277304293	0.7638379320751523	0.9091826437941474	0.9060316432477739	1.0	46/109	35.60%	MKI67;MAPK3;LIG3;IL16;LIMD1;SCML2;CDC27;PIK3C2A;TPR;NUP50;BORA;SRRM2;CDC25B;EP300;NCOA3;ARHGEF2;ZC3H11A;GIGYF2;FOXO1;NUP98;EPB41;STMN1;ABI1;INCENP;ZC3HC1;LMNB1;EIF4G1;CDC25C;RB1;RANBP2;STIM1;PPP1R13L;NCL;CDCA2;MPLKIP;BAD;RFC1;SKA3;ERCC6L;ADD1;SEPTIN9;PML;H1-4;RPS6KB1;CEP55;KAT5	CDK1
αCD3_αCD2_10min	prerank	PAK1	0.35009934243818863	0.7569611602207926	0.8347107438016529	0.89919797979279	1.0	13/18	41.84%	SPEN;ARHGEF2;STMN1;DYNLL1;GIT1;NF2;MAP3K1;BAD;PXN;RAF1;PCBP1;ARHGDIA;VIM	PAK1
αCD3_αCD2_10min	prerank	AurA	0.3368607265554723	0.7344667594681477	0.8401442307692307	0.9075719481071077	1.0	9/16	44.71%	TACC3;CDC25B;ARHGEF2;WDR62;MAP9;DLGAP5;MCM2;HNRNPK;LIMK1	AurA
αCD3_αCD2_10min	prerank	HIPK2	-0.3816966640687844	-0.7200699554707821	0.8052805280528053	0.908485047650345	1.0	1/5	3.12%	SIRT1	HIPK2
αCD3_αCD2_10min	prerank	ATR	0.32319896510813606	0.7160343530604186	0.8724428399518652	0.9112823026996895	1.0	2/19	13.21%	PRKDC;BORA	ATR
αCD3_αCD2_10min	prerank	CDC7	0.4086453135000881	0.715832495566318	0.8670212765957447	0.8973939145190241	1.0	3/6	43.89%	NCL;MCM2;MFAP1	CDC7
αCD3_αCD2_10min	prerank	JNK1	0.2814568312516604	0.6303841823276776	0.9394977168949772	0.949959336938711	1.0	10/22	36.67%	LIMD1;CDC25B;NCOA3;JUNB;ATN1;CDC25C;EIF4ENIF1;WDR62;PXN;RPTOR	JNK1
αCD3_αCD2_10min	prerank	LYN	0.296448248077953	0.6053354105734801	0.9462102689486552	0.9505136577207932	1.0	5/12	33.88%	TRIM28;NMT1;SLAMF1;GCSAM;ACLY	LYN
αCD3_αCD2_10min	prerank	CAMK2A	-0.2782907502482508	-0.576151062373398	0.9817518248175182	0.9657574761748274	1.0	1/6	5.74%	ETS1	CAMK2A
αCD3_αCD2_5min	prerank	ROCK1	0.7462849745335501	1.4047710406024219	0.06718346253229975	1.0	0.914	3/8	7.96%	PPP1R12A;ARHGAP35;LIMK1	ROCK1
αCD3_αCD2_5min	prerank	HIPK2	-0.7122734295130759	-1.395400863711517	0.12544802867383512	1.0	0.797	2/5	3.94%	EP300;SIRT1	HIPK2
αCD3_αCD2_5min	prerank	PKCB	0.7568013190436931	1.340720145696474	0.0975609756097561	1.0	0.983	6/6	24.69%	PRKCB;EPB41;PRKAA1;GSK3A;STMN1;ATF2	PKCB
αCD3_αCD2_5min	prerank	PDK1	0.688813113955269	1.2782272071630554	0.15147453083109919	1.0	0.995	3/7	19.20%	RPS6KA1;PRKCD;MAP2K2	PDK1
αCD3_αCD2_5min	prerank	Syk	0.684980402805532	1.263944559600131	0.1456953642384106	1.0	0.998	3/7	17.39%	PLCG1;HCLS1;LCP2	Syk
αCD3_αCD2_5min	prerank	ERK2	0.47556910866133834	1.2583068973440505	0.10767590618336886	1.0	0.998	22/54	28.96%	RPS6KA1;RGS19;RPS6KA3;ERF;HELLS;MKNK1;BRAF;DMTN;ETS1;CRTC2;NUP50;NUP153;NUP214;EIF4G1;NCOA2;SORBS3;RPTOR;ATF2;ABI1;MAPK1;TOP2A;ADAM17	ERK2
αCD3_αCD2_5min	prerank	PKCB iso2	0.6870769935797101	1.2500066265688845	0.1546811397557666	1.0	0.998	6/7	31.42%	MYH9;PRKCB;EIF4G1;GSK3A;ATF2;LMNB1	PKCB iso2
αCD3_αCD2_5min	prerank	PRKD1	0.6049527849503997	1.2371621890903517	0.19138149556400508	1.0	1.0	6/10	33.22%	VASP;KAT7;MARK2;PI4KB;HDAC7;OSBP	PRKD1
αCD3_αCD2_5min	prerank	Akt3	0.716999666141978	1.2272968204770178	0.18353576248313092	1.0	1.0	3/5	17.23%	IWS1;BRAF;ADAR	Akt3
αCD3_αCD2_5min	prerank	CK1A	-0.5410887595719716	-1.2081741895800078	0.23828125	1.0	0.952	2/7	2.71%	CARD11;SRPK2	CK1A
αCD3_αCD2_5min	prerank	Ret	0.7062231793329068	1.2056974391301833	0.20877659574468085	1.0	1.0	2/5	9.68%	PLCG1;MAPK3	Ret
αCD3_αCD2_5min	prerank	MAPKAPK2	0.5229892426751006	1.1910715129087632	0.23076923076923078	1.0	1.0	8/19	26.17%	PARN;LIMK1;CEP131;PFKFB3;RCSD1;RBM7;NELFE;MDM2	MAPKAPK2
αCD3_αCD2_5min	prerank	PRKD2	0.6713344316309718	1.1590868386588515	0.2633093525179856	1.0	1.0	5/5	33.14%	VASP;MARK2;PI4KB;PRKD2;HDAC7	PRKD2
αCD3_αCD2_5min	prerank	PKCZ	0.6447083533534536	1.1478052165053647	0.2979310344827586	1.0	1.0	3/6	32.57%	VIM;MARK2;NCOA3	PKCZ
αCD3_αCD2_5min	prerank	PLK1	0.4592331130180615	1.1408785669935064	0.2847682119205298	1.0	1.0	13/33	28.38%	CLIP1;GTSE1;OPTN;KAT7;CDC27;MAP2K2;WDR62;PCNT;VIM;MDC1;MDM2;RACGAP1;TOP2A	PLK1
αCD3_αCD2_5min	prerank	P38A	0.48882809465379606	1.1312611916457953	0.3001186239620403	1.0	1.0	14/21	46.02%	MKNK1;LIMK1;MAP4;BAZ1B;ATF2;ADAM17;RB1;NCOA3;PTPN7;PXN;BUB3;STAT3;MRTFA;CDKN1A	P38A
αCD3_αCD2_5min	prerank	PKCI	-0.5142650824466958	-1.1279109875157034	0.3106060606060606	1.0	0.983	1/7	1.07%	EP300	PKCI
αCD3_αCD2_5min	prerank	Fyn	0.5199329926675679	1.1215305908951765	0.3365500603136309	1.0	1.0	3/15	10.91%	RPS6KA3;FYB1;AGAP2	Fyn
αCD3_αCD2_5min	prerank	Akt2	0.6350246085552022	1.1101612087944306	0.3401920438957476	1.0	1.0	4/6	32.73%	ADAR;EDC3;RACGAP1;NF2	Akt2
αCD3_αCD2_5min	prerank	JNK2	0.6077967139705333	1.10799124950969	0.3458333333333333	1.0	1.0	3/6	24.69%	LIMD1;BAZ1B;ATF2	JNK2
αCD3_αCD2_5min	prerank	PKCA	0.4266625033344505	1.0888057082867832	0.34913793103448276	1.0	1.0	22/41	32.24%	MYH9;PLCG1;SPN;ARHGAP35;VASP;MBD4;CD3G;PFKFB3;DOCK8;EPB41;PTPN22;EIF4G1;PRKAA1;GSK3A;KCNAB2;VIM;ATF2;ARHGDIA;ADAM17;PRKD2;IQGAP1;CSNK1D	PKCA
αCD3_αCD2_5min	prerank	ERK1	0.41430760032494673	1.0824504621246607	0.35394456289978676	1.0	1.0	21/47	32.32%	MKNK1;BRAF;MAPK3;NUP50;NUP153;LIMA1;NUP214;RAB5A;BAZ1B;EIF4G1;NCOA2;SORBS3;STMN1;RPTOR;ATF2;ABI1;TOP2A;ADAM17;SEC16A;PCBP2;ARHGEF2	ERK1
αCD3_αCD2_5min	prerank	PKCE	0.5527890344475432	1.0701641691743178	0.40328697850821743	1.0	1.0	5/8	31.58%	RAB5A;ATF2;ADAM17;PRKD2;IQGAP1	PKCE
αCD3_αCD2_5min	prerank	AurB	0.4336326013372264	1.0577838979440906	0.41065482796892344	1.0	1.0	11/29	30.02%	INCENP;KIF20A;RBM14;AHNAK;MKI67;NELFE;VIM;PLEC;RACGAP1;H2BC12;RB1	AurB
αCD3_αCD2_5min	prerank	Cot	0.6269117085240389	1.050934947160098	0.42296918767507	1.0	1.0	4/5	29.20%	RPS6KA1;MAP2K2;EIF4G1;CHEK1	Cot
αCD3_αCD2_5min	prerank	IKKA	0.5965759912073482	1.0484321157896226	0.43983402489626555	1.0	1.0	4/6	32.57%	NCOR2;NFKB2;RELB;NCOA3	IKKA
αCD3_αCD2_5min	prerank	DNAPK	0.5392625224498635	1.0454235304112143	0.44430538172715894	1.0	1.0	1/9	1.80%	POLR2A	DNAPK
αCD3_αCD2_5min	prerank	Lck	0.5176673274285761	1.0415636319272883	0.44030808729139925	1.0	1.0	3/11	17.39%	PRKCQ;VAV1;LCP2	Lck
αCD3_αCD2_5min	prerank	p90RSK	0.46734312857189403	1.0334051050392439	0.4579780755176614	1.0	1.0	8/16	29.20%	EIF4B;TERF2IP;VASP;REPS1;RPTOR;METTL1;PDCD4;CHEK1	p90RSK
αCD3_αCD2_5min	prerank	Src	0.38191892305886843	1.0095634823977309	0.49684873949579833	1.0	1.0	21/55	32.32%	MYH9;RPS6KA3;ARAF;ARHGAP35;ETS1;PRKCD;HLA-B;PLEKHG2;MAPRE1;ITGB7;ARHGEF7;RAPGEF1;MDM2;PBK;TRIM25;ARHGDIA;PRKD2;ARHGAP5;IQGAP1;THRAP3;ARHGEF2	Src
αCD3_αCD2_5min	prerank	CK1D	0.5564308347357542	1.008480718290863	0.49182561307901906	1.0	1.0	4/7	32.57%	APC;MDM2;PRKD2;NCOA3	CK1D
αCD3_αCD2_5min	prerank	P38B	-0.5002941038688611	-1.0064397604790154	0.4346153846153846	1.0	0.994	1/6	1.07%	EP300	P38B
αCD3_αCD2_5min	prerank	CDK1	0.349592969789079	0.9786481850108251	0.5640243902439024	1.0	1.0	44/109	33.96%	EML3;LIMD1;POLR2A;TPR;INCENP;ATAD5;IL16;KIF20A;USP1;SRRM2;MAP4;MAPK3;SCML2;PIK3C2A;AHNAK;NUP50;KAT7;MKI67;CDC27;GIGYF2;EPB41;ZC3H11A;EIF4G1;TMPO;VGLL4;SEPTIN9;NME2;STMN1;RPTOR;VIM;ABI1;PI4KB;PBK;TOP2A;ZC3HC1;CHEK1;RB1;LMNB1;RANBP2;ARHGEF2;NCOA3;RPS6KB1;NCL;PYCR2	CDK1
αCD3_αCD2_5min	prerank	IKKB	0.5064312283027708	0.9682373081066854	0.544	1.0	1.0	4/8	32.49%	OPTN;PFKFB3;HTT;RELB	IKKB
αCD3_αCD2_5min	prerank	JNK1	0.40957011526439546	0.9652841967002853	0.5508771929824562	1.0	1.0	14/22	46.02%	LIMD1;WDR62;RPTOR;ATF2;AIMP1;EIF4ENIF1;NCOA3;CDC25C;ATN1;PXN;LAT;STAT3;CDC25B;CDKN1A	JNK1
αCD3_αCD2_5min	prerank	mTOR	-0.3813580731246348	-0.9642132527276778	0.49743589743589745	1.0	0.996	2/12	1.56%	ANKRD17;AKT1S1	mTOR
αCD3_αCD2_5min	prerank	PKACA	0.36453844990346485	0.9598649062103509	0.576235541535226	1.0	1.0	28/57	35.68%	PLCG1;TPR;PJA2;PRKAB1;AKAP13;DMTN;VASP;PDE4A;IQGAP2;KDM3A;PFKFB3;ARHGAP17;GSK3A;STMN1;RPTOR;URI1;VIM;MARK2;PLEC;ARHGDIA;MORC2;RB1;NCOA3;NF2;SIK3;PTPN7;GPR15;PDE3B	PKACA
αCD3_αCD2_5min	prerank	CDK7	0.5562067035925443	0.95653991812641	0.573549257759784	1.0	1.0	1/5	1.80%	POLR2A	CDK7
αCD3_αCD2_5min	prerank	Chk1	0.35415196161454376	0.9383081259292294	0.6038135593220338	1.0	1.0	24/57	32.32%	EML3;TICRR;ZNF395;MATR3;RBM14;SRRM2;MAP4;BAZ1A;MYCBP2;NUP153;MKI67;TLK1;MAP2K2;ANKRD12;MDC1;RACGAP1;CAAP1;GOLGA4;ZC3HC1;CHEK1;RB1;NCBP3;RANBP2;ARHGEF2	Chk1
αCD3_αCD2_5min	prerank	Akt1	0.3576066296695339	0.936528111167565	0.6063492063492063	1.0	1.0	21/53	29.20%	PLCG1;ACIN1;RPS6KA3;IWS1;TOPBP1;BRAF;KAT6A;AGAP2;RICTOR;PFKFB3;ADAR;PRKAA1;GSK3A;TBC1D1;VIM;EDC3;MDM2;METTL1;HNRNPA1;PDCD4;CHEK1	Akt1
αCD3_αCD2_5min	prerank	CK2A1	0.35878169979944347	0.9338079259424026	0.6256742179072277	1.0	1.0	6/49	5.82%	MYH9;CLIP1;RGS19;IL16;YWHAQ;HCLS1	CK2A1
αCD3_αCD2_5min	prerank	ULK1	0.5367010833746926	0.9098683174315656	0.6402266288951841	1.0	1.0	2/5	29.45%	RPTOR;SEC16A	ULK1
αCD3_αCD2_5min	prerank	NEK6	0.4964305917185303	0.9092009974057992	0.6466666666666666	1.0	1.0	2/7	15.67%	KIF20A;EML4	NEK6
αCD3_αCD2_5min	prerank	AMPKA1	0.36148207902485413	0.8768261231858542	0.6819708846584547	1.0	1.0	9/29	23.54%	MKNK1;PRKAB1;BRAF;SNX17;VASP;PFKFB3;PRKAA1;TBC1D1;RPTOR	AMPKA1
αCD3_αCD2_5min	prerank	ATM	-0.2435055279188884	-0.8640140203820992	0.8059701492537313	1.0	0.998	9/40	14.77%	EP300;MED1;PRPF19;TRIM28;GIT2;RIF1;DBN1;MLLT1;TOP2B	ATM
αCD3_αCD2_5min	prerank	GSK3B	0.3435507696353165	0.8601568120691292	0.7291196388261851	1.0	1.0	12/33	36.59%	ETS1;RICTOR;APC;MAPRE1;PRKAA1;RPTOR;NFKB2;MARK2;TOP2A;RELB;AKAP11;CLASP2	GSK3B
αCD3_αCD2_5min	prerank	PKCT	0.44992284014485395	0.8486897285831144	0.6967005076142132	1.0	1.0	2/8	9.27%	PPP1R12A;PRKCQ	PKCT
αCD3_αCD2_5min	prerank	EGFR	0.4752574289224492	0.8453192284920752	0.7311688311688311	1.0	1.0	1/6	0.82%	PLCG1	EGFR
αCD3_αCD2_5min	prerank	TBK1	0.44931866149994315	0.8322605341910213	0.7152230971128609	1.0	1.0	4/7	33.31%	OPTN;RPTOR;HTT;RPS6KB1	TBK1
αCD3_αCD2_5min	prerank	CAMK2A	-0.4000112861663798	-0.8263536238102802	0.6629213483146067	1.0	0.999	1/6	0.49%	CARD11	CAMK2A
αCD3_αCD2_5min	prerank	PAK1	0.3688068882129905	0.8170065672222527	0.7635705669481303	1.0	1.0	11/18	38.15%	LIMK1;BRAF;STMN1;VIM;PCBP1;ARHGDIA;MORC2;ARHGEF2;NF2;DYNLL1;RAF1	PAK1
αCD3_αCD2_5min	prerank	PAK2	-0.43112776258426855	-0.8163740954104922	0.6779661016949152	1.0	0.999	2/5	10.99%	PAK2;ABL1	PAK2
αCD3_αCD2_5min	prerank	Chk2	0.4121062479789179	0.8163098413751965	0.7509627727856226	1.0	1.0	1/10	2.63%	INCENP	Chk2
αCD3_αCD2_5min	prerank	ZAP70	0.4779572867487829	0.8092165919114844	0.7652173913043478	1.0	1.0	2/5	17.39%	DBNL;LCP2	ZAP70
αCD3_αCD2_5min	prerank	Abl	0.3494286626644431	0.8080089159719902	0.7763761467889908	1.0	1.0	9/21	32.81%	PLCG1;VAV1;PLEKHG2;RAPGEF1;ABI1;MDM2;RB1;NCOA3;NCK1	Abl
αCD3_αCD2_5min	prerank	ASK1	0.46660798982493623	0.8031868466127191	0.7688022284122563	1.0	1.0	3/5	46.02%	MAPRE1;MAPK14;CDKN1A	ASK1
αCD3_αCD2_5min	prerank	SGK1	0.39689385563937263	0.7872981449687525	0.7786259541984732	1.0	1.0	5/10	30.84%	MKNK1;RICTOR;MDM2;MAPK1;HTT	SGK1
αCD3_αCD2_5min	prerank	CDK9	0.41568752526115094	0.7843090226885506	0.7571059431524548	1.0	1.0	4/7	30.02%	POLR2A;NCOA2;MDM2;RB1	CDK9
αCD3_αCD2_5min	prerank	CDK5	0.3236213274121398	0.7698607139684185	0.8013856812933026	1.0	1.0	10/23	44.13%	AGAP2;KCNAB2;VIM;RB1;HTT;TLN1;RPS6KB1;CLASP2;PXN;STAT3	CDK5
αCD3_αCD2_5min	prerank	CDK2	0.28445170827954047	0.7697056256365774	0.8846153846153846	1.0	1.0	22/78	25.59%	ANKLE2;TICRR;AFDN;ZNF609;TOPBP1;CRTC2;PRRC2A;TERF2IP;SCML2;APC;KAT7;MKI67;GIGYF2;ZC3H11A;EIF4G1;SORBS3;STMN1;KCNAB2;UBE2O;ATF2;MDC1;LARP1	CDK2
αCD3_αCD2_5min	prerank	JAK2	0.3893735751845263	0.7542908441560868	0.8154838709677419	1.0	1.0	2/9	28.30%	MAPK3;MAPK1	JAK2
αCD3_αCD2_5min	prerank	ATR	-0.25583333333333336	-0.7508399176785514	0.8085106382978723	1.0	1.0	19/19	74.90%	BORA;MCM2;KMT2A;RPA2;DBF4;DCK;WDHD1;MCM3;HUWE1;PRKDC;SP1;USP28;PARP1;BLM;TP53BP1;PHF14;CHEK1;MDM2;MDC1	ATR
αCD3_αCD2_5min	prerank	AMPKA2	-0.337159890039901	-0.7416061409222444	0.7808219178082192	1.0	1.0	1/7	1.89%	PAK2	AMPKA2
αCD3_αCD2_5min	prerank	LYN	-0.2772904433800351	-0.7214920908956441	0.8390804597701149	0.9814326812428078	1.0	4/12	13.45%	TRIM28;PEAK1;ABL1;LAT2	LYN
αCD3_αCD2_5min	prerank	CDC7	0.4046442166303649	0.7191279682815561	0.855191256830601	1.0	1.0	2/6	33.55%	TOP2A;NCL	CDC7
αCD3_αCD2_5min	prerank	AurA	0.31735690391852167	0.6916486330744567	0.8929001203369434	1.0	1.0	3/16	20.67%	LIMK1;TACC3;WDR62	AurA
αCD3_αCD2_5min	prerank	RSK2	0.37317379602886397	0.6831688466462847	0.8783068783068783	1.0	1.0	2/7	23.38%	GSK3A;STMN1	RSK2
αCD3_αCD2_5min	prerank	PKG1	0.3578890711266681	0.6545735737311793	0.8980392156862745	1.0	1.0	2/7	23.38%	VASP;STMN1	PKG1
αCD3_αCD2_5min	prerank	MARK2	-0.33594098005938766	-0.652252800757022	0.8784722222222222	0.983639240506329	1.0	1/5	3.45%	RAB11FIP1	MARK2
αCD3_αCD2_5min	prerank	CDK6	0.35911862966510355	0.6496574441069726	0.9005602240896359	1.0	1.0	2/6	30.02%	PFKFB3;RB1	CDK6
αCD3_αCD2_5min	prerank	p70S6K	0.31147408810945076	0.6237897034737004	0.9302631578947368	1.0	1.0	5/10	33.31%	EIF4B;RICTOR;URI1;PDCD4;RPS6KB1	p70S6K
αCD3_αCD2_5min	prerank	CDK4	-0.3009068425391591	-0.6059345643908867	0.9377049180327869	0.9462658227848101	1.0	6/6	70.14%	RBL2;FOXO1;TSC2;CDKN1A;RBL1;RB1	CDK4
αCD3_αCD2_5min	prerank	Pim1	0.3209333998540469	0.596087060779374	0.9249658935879945	1.0	1.0	3/7	30.76%	CBX8;MDM2;CXCR4	Pim1
αCD3_αCD2_5min	prerank	PKCD	0.2551206383813209	0.5797007572432185	0.9526627218934911	1.0	1.0	6/19	30.76%	PRKCD;PTPN22;GSK3A;MARK2;ADAM17;CXCR4	PKCD
αCD3_αCD2_5min	prerank	FAK	0.30997150875602597	0.5638205396304449	0.9658002735978112	1.0	1.0	3/6	43.64%	ITGB7;PXN;LAT	FAK
αCD3_αCD2_5min	prerank	TAK1	0.28774174189842294	0.560858236452123	0.975	1.0	1.0	1/9	8.04%	EIF4B	TAK1
αCD3_αCD2_5min	prerank	GSK3A	0.27261809391516945	0.5518396852016186	0.9808673469387755	0.9909364951768488	1.0	3/11	20.43%	RICTOR;PRKAA1;GSK3A	GSK3A
αCD3_αCD2_5min	prerank	LKB1	0.26945741581469185	0.5119079096977244	0.9814323607427056	0.9877170418006431	1.0	3/8	33.39%	PRKAA1;MARK2;SIK3	LKB1
αCD3_αICOS_10min	prerank	Ret	0.8917937076506786	1.451901237435713	0.029850746268656716	1.0	0.638	3/5	0.74%	PDPK1;MAPK3;PLCG1	Ret
αCD3_αICOS_10min	prerank	PDK1	0.8137919007359233	1.4410475112252932	0.03247631935047361	0.7297284329718837	0.688	4/7	12.39%	PDPK1;RPS6KA1;PRKCD;MAP2K2	PDK1
αCD3_αICOS_10min	prerank	ERK1	0.5983252026487846	1.4025285064190771	0.024390243902439025	0.7847348836217467	0.832	21/47	26.91%	SP1;MAPK3;NUP214;SPHK2;NUP153;MKNK1;NUP50;MRTFA;CIC;ARHGEF2;HNRNPK;ETV6;LIMA1;MED14;STAT1;BAD;STMN1;EIF4G1;ABI1;CDCA5;EP300	ERK1
αCD3_αICOS_10min	prerank	CK1A	-0.688014661379402	-1.4015369122351289	0.13452914798206278	1.0	0.791	2/7	13.45%	SRPK2;CARD11	CK1A
αCD3_αICOS_10min	prerank	ERK2	0.5690104636108392	1.3651405768064913	0.026567481402763018	0.8872469052874005	0.931	23/54	27.89%	SP1;RPS6KA1;NUP214;RPS6KA3;ERF;SPHK2;NUP153;MKNK1;NUP50;MRTFA;CIC;ARHGEF2;HNRNPK;MAPK1;PTPN7;MED14;BAD;EIF4G1;ABI1;NDEL1;CDCA5;EP300;CEP55	ERK2
αCD3_αICOS_10min	prerank	DNAPK	0.7330058717993024	1.3430742715737078	0.08801020408163265	0.886603972747337	0.965	2/9	3.86%	POLR2A;PRKDC	DNAPK
αCD3_αICOS_10min	prerank	EGFR	0.7927028721350068	1.3232934083044452	0.08736559139784947	0.8854609815650023	0.981	2/6	3.86%	PLCG1;PRKDC	EGFR
αCD3_αICOS_10min	prerank	ULK1	-0.702308338626975	-1.3134560434842886	0.20146520146520147	0.9308840635905389	0.89	2/5	13.54%	SEC16A;RIPK1	ULK1
αCD3_αICOS_10min	prerank	CDK5	0.6129320223550093	1.305271932192896	0.07674684994272624	0.8962785766835282	0.99	4/23	6.64%	RB1;LMNA;EPRS1;AGAP2	CDK5
αCD3_αICOS_10min	prerank	Abl	0.6148126714978568	1.2879386992724913	0.1047180667433832	0.9125623740523943	0.993	9/21	25.10%	PLCG1;RB1;VAV1;JUNB;EMD;NCOA3;PDHA1;CRKL;ABI1	Abl
αCD3_αICOS_10min	prerank	FAK	0.7643468796833888	1.2731818223607545	0.12995896032831739	0.9166551159162233	0.997	2/6	6.56%	ITGB7;GIT1	FAK
αCD3_αICOS_10min	prerank	ASK1	0.8015094844595227	1.2709729762178672	0.11688311688311688	0.841384384096216	0.997	1/5	0.49%	PDPK1	ASK1
αCD3_αICOS_10min	prerank	MAPKAPK2	0.6031276157893675	1.2671869175813069	0.13481828839390386	0.7873975335351402	0.997	8/19	24.77%	PARN;RCSD1;MRTFA;CEP131;RBM7;PFKFB3;TRIM28;CDC25C	MAPKAPK2
αCD3_αICOS_10min	prerank	p90RSK	0.6209313897862629	1.2511345938012395	0.15012106537530268	0.8154527716469948	0.999	7/16	24.77%	VASP;EIF4B;CIC;REPS1;RPS6;BAD;CDC25C	p90RSK
αCD3_αICOS_10min	prerank	Akt3	0.7665335125537887	1.2358762063939945	0.1688125894134478	0.8400985190160892	1.0	2/5	14.77%	IWS1;ADAR	Akt3
αCD3_αICOS_10min	prerank	CDK7	0.7567863342370571	1.219236512345361	0.19146005509641872	0.878444852655581	1.0	2/5	4.84%	POLR2A;RB1	CDK7
αCD3_αICOS_10min	prerank	Src	0.5087917609242323	1.2142179483507534	0.15585774058577406	0.8475279617012655	1.0	19/55	22.64%	PDPK1;ITGB7;RPS6KA3;ARAF;LMNA;GIT1;HLA-B;BCLAF1;PRKCD;ARHGEF2;EMD;HNRNPK;ARHGEF7;ARHGAP35;PDHA1;MPZL1;ARHGAP5;RBM10;STAT1	Src
αCD3_αICOS_10min	prerank	PKCT	0.6778991846284852	1.200742793196146	0.2328042328042328	0.8665525141541119	1.0	3/8	5.00%	PDPK1;PPP1R12A;PRKCQ	PKCT
αCD3_αICOS_10min	prerank	PKCZ	0.6992872581316373	1.183985615723001	0.2452316076294278	0.9054002946538945	1.0	1/6	0.16%	SP1	PKCZ
αCD3_αICOS_10min	prerank	p70S6K	0.6325580450809966	1.172691071169631	0.24743589743589745	0.9152859077290514	1.0	6/10	17.88%	URI1;EPRS1;NCBP1;RICTOR;EIF4B;RPS6	p70S6K
αCD3_αICOS_10min	prerank	Cot	0.7193350277726384	1.162090345865184	0.25287356321839083	0.9177016045535584	1.0	3/5	23.38%	RPS6KA1;MAP2K2;EIF4G1	Cot
αCD3_αICOS_10min	prerank	PAK1	0.5547611223004653	1.1597414077755286	0.25821596244131456	0.8823713335252535	1.0	12/18	36.34%	GIT1;SPEN;ARHGEF2;BAD;STMN1;PCBP1;MAP3K1;MORC2;RAF1;PXN;VIM;ARHGDIA	PAK1
αCD3_αICOS_10min	prerank	Syk	0.661997018387172	1.1446811703826127	0.30434782608695654	0.909341333053069	1.0	3/7	22.64%	PLCG1;LCP2;STAT1	Syk
αCD3_αICOS_10min	prerank	SGK1	0.6158982105550505	1.1403207360154453	0.29591836734693877	0.8873443193086221	1.0	8/10	36.83%	MKNK1;RICTOR;MAPK1;NDRG1;HTT;MAP2K4;KMT2D;CARHSP1	SGK1
αCD3_αICOS_10min	prerank	PAK2	-0.6115073553478821	-1.1283628370557912	0.31785714285714284	1.0	0.973	1/5	0.90%	PAK2	PAK2
αCD3_αICOS_10min	prerank	CDK6	0.6717012355641871	1.1224828049351525	0.33739837398373984	0.9269875905536341	1.0	2/6	18.79%	RB1;PFKFB3	CDK6
αCD3_αICOS_10min	prerank	ATR	0.5450022917851565	1.120765734822852	0.3224679860302678	0.8962658200855111	1.0	2/19	3.86%	SP1;PRKDC	ATR
αCD3_αICOS_10min	prerank	Fyn	0.5574528709406459	1.1042040134290345	0.36097560975609755	0.9286088986981414	1.0	2/15	6.64%	RPS6KA3;AGAP2	Fyn
αCD3_αICOS_10min	prerank	PKACA	0.4503424535475092	1.0810804065269597	0.34973821989528797	0.9840164952918047	1.0	33/57	40.94%	PLCG1;URI1;RB1;VASP;EMD;TPR;NCOA3;PFKFB3;AKAP13;IQGAP2;PTPN7;BAD;STMN1;NDRG1;ATXN1;SIK3;PFKFB2;PLEC;MORC2;RAF1;H1-4;ADD1;GSK3A;VIM;ARHGDIA;PARP1;USP20;YWHAZ;PDE3B;LASP1;STIM1;ENSA;PRKAB1	PKACA
αCD3_αICOS_10min	prerank	RSK2	0.6210015994894061	1.0755269818835824	0.4089068825910931	0.9699550172313502	1.0	4/7	23.30%	CIC;RPS6;BAD;STMN1	RSK2
αCD3_αICOS_10min	prerank	PRKD1	0.5780230046064158	1.0716566518053692	0.3956043956043956	0.9495883997971131	1.0	4/10	29.94%	VASP;SPHK2;BAD;HDAC7	PRKD1
αCD3_αICOS_10min	prerank	CDK9	0.6159718502998666	1.0693654293727741	0.4361979166666667	0.9254533562313939	1.0	2/7	4.84%	POLR2A;RB1	CDK9
αCD3_αICOS_10min	prerank	P38B	0.6387715738645625	1.0693570434967354	0.4090909090909091	0.8946406294981287	1.0	1/6	26.91%	EP300	P38B
αCD3_αICOS_10min	prerank	PKCB iso2	0.6163818118647993	1.063029428546303	0.4192256341789052	0.8885258571144081	1.0	4/7	35.52%	PRKCB;LMNB1;EIF4G1;GSK3A	PKCB iso2
αCD3_αICOS_10min	prerank	PRKD2	0.650958417278605	1.0569033597898145	0.4228650137741047	0.8818221619806161	1.0	1/5	5.17%	VASP	PRKD2
αCD3_αICOS_10min	prerank	ROCK1	0.5793343121928894	1.0270553606772521	0.47320261437908495	0.9520597007402496	1.0	1/8	0.66%	PPP1R12A	ROCK1
αCD3_αICOS_10min	prerank	AMPKA1	0.4561661048028206	1.024653532099231	0.464326160815402	0.9318739874800318	1.0	12/29	29.45%	VASP;MKNK1;PRKAA1;PDHA1;PFKFB3;ACACA;ZNF692;EP300;NCL;PFKFB2;GAPVD1;GBF1	AMPKA1
αCD3_αICOS_10min	prerank	CDK4	0.6164961678520863	1.0237525082450312	0.4845222072678331	0.9078819782399093	1.0	1/6	4.84%	RB1	CDK4
αCD3_αICOS_10min	prerank	P38A	0.4856086005326788	1.0226528944906197	0.46349942062572425	0.8859967586817218	1.0	7/21	22.64%	RB1;MKNK1;MRTFA;NCOA3;ETV6;PTPN7;STAT1	P38A
αCD3_αICOS_10min	prerank	Akt1	0.4302729394821767	1.0193289409957125	0.46951871657754013	0.872245146019256	1.0	23/53	30.93%	SP1;PLCG1;IWS1;RPS6KA3;LMNA;AGAP2;RICTOR;PRKAA1;HNRNPA1;ACIN1;ADAR;RPS6;KAT6A;PFKFB3;BAD;ATXN1;EP300;NCL;PFKFB2;HTT;MAP2K4;ACLY;PEA15	Akt1
αCD3_αICOS_10min	prerank	Chk2	-0.4553144522858621	-1.0109332810855	0.4028436018957346	1.0	0.993	1/10	0.33%	INCENP	Chk2
αCD3_αICOS_10min	prerank	PLK1	0.4436396769714222	1.0091283867935035	0.506145251396648	0.8782232906900204	1.0	7/33	12.39%	PRKDC;GTSE1;CLIP1;MAP9;OPTN;CDC27;MAP2K2	PLK1
αCD3_αICOS_10min	prerank	GSK3B	0.44678928120188444	1.0050157070674075	0.485838779956427	0.8670247535999382	1.0	5/33	11.32%	SP1;BCLAF1;RICTOR;PRKAA1;JUNB	GSK3B
αCD3_αICOS_10min	prerank	CDK1	0.40164964429893896	0.9985017434904422	0.5081135902636917	0.8626547356299781	1.0	40/109	29.53%	SP1;POLR2A;PDPK1;MAPK3;LIG3;EML3;KIF20A;RB1;LMNA;IL16;SCML2;HMGA1;SRRM2;MKI67;AHNAK;CDC27;NUP50;RFC1;ARHGEF2;TPR;HNRNPK;NCOA3;GIGYF2;LMNB1;ZC3H11A;BAD;STMN1;EIF4G1;CDC25C;ABI1;NDEL1;CDCA5;LIMD1;PYCR2;EP300;NCL;CEP55;NUP98;GAPVD1;SEPTIN9	CDK1
αCD3_αICOS_10min	prerank	PKCD	0.47445817788262284	0.9957494282463761	0.49122807017543857	0.848435733661626	1.0	8/19	35.52%	LMNA;PRKCD;HNRNPK;RPS6;STAT1;EP300;ADD1;GSK3A	PKCD
αCD3_αICOS_10min	prerank	PKCI	0.5733859638340986	0.9927459523044269	0.5185676392572944	0.8362460264149162	1.0	1/7	0.16%	SP1	PKCI
αCD3_αICOS_10min	prerank	ZAP70	0.6149317860366917	0.9843533446582038	0.5544959128065395	0.8370084556452423	1.0	3/5	31.34%	LCP2;DBNL;MAPK14	ZAP70
αCD3_αICOS_10min	prerank	JNK2	0.5845036852771521	0.981848458550295	0.5470430107526881	0.8243905080940873	1.0	3/6	39.29%	CDC25C;LIMD1;BAZ1B	JNK2
αCD3_αICOS_10min	prerank	Lck	0.5163607552768192	0.9815616602584367	0.5284450063211125	0.8065945899839	1.0	5/11	31.34%	PRKCQ;VAV1;LCP2;SSBP3;MAPK14	Lck
αCD3_αICOS_10min	prerank	NEK6	0.5570099674265111	0.9746585777902107	0.552665799739922	0.8068104538077376	1.0	2/7	14.27%	KIF20A;EML4	NEK6
αCD3_αICOS_10min	prerank	PKCA	0.4158303995276153	0.973941462438021	0.5517241379310345	0.7912402057765245	1.0	19/41	38.64%	SPN;PLCG1;VASP;PRKAA1;CD3G;ARHGAP35;PFKFB3;EIF4G1;EP300;RALBP1;NF1;RAF1;ADD1;MBD4;GSK3A;VIM;ARHGDIA;DOCK8;PRKD2	PKCA
αCD3_αICOS_10min	prerank	Chk1	0.4026648913201316	0.9683297131543346	0.5668058455114823	0.7866547516233247	1.0	19/57	24.86%	EML3;RB1;LMNA;EPRS1;SPEN;NUP153;GTF3C1;SRRM2;MKI67;BUD13;MAP2K2;MYBBP1A;ARHGEF2;TRIP12;MYCBP2;TRIM28;CCDC6;CDC25C;ANKRD12	Chk1
αCD3_αICOS_10min	prerank	CK2A1	-0.2930668930442818	-0.9627364379796863	0.54	1.0	0.996	8/49	6.89%	EEF1D;SIRT1;LIG1;IFI16;NCOR1;NCOA2;MDC1;ZC3H8	CK2A1
αCD3_αICOS_10min	prerank	JAK2	0.5322218549451644	0.957696271418231	0.5823754789272031	0.7929282642910346	1.0	4/9	22.64%	MAPK3;MAPK1;PDHA1;STAT1	JAK2
αCD3_αICOS_10min	prerank	Akt2	0.5564944418337179	0.9387782966366413	0.5870445344129555	0.8149169945302753	1.0	5/6	43.23%	ADAR;C2CD5;RACGAP1;EDC3;GAPDH	Akt2
αCD3_αICOS_10min	prerank	MARK2	0.5861734513862278	0.9372769435584073	0.6136054421768707	0.8016696426835457	1.0	3/5	29.94%	ARHGEF2;KIF13B;HDAC7	MARK2
αCD3_αICOS_10min	prerank	JNK1	0.4383408460339405	0.9325337133915641	0.6161026837806302	0.7953817365821972	1.0	8/22	26.42%	SP1;JUNB;HNRNPK;NCOA3;EIF4ENIF1;ATN1;CDC25C;LIMD1	JNK1
αCD3_αICOS_10min	prerank	PKCE	0.5228388528408526	0.9314754845965089	0.6194805194805195	0.7824772064632434	1.0	4/8	38.64%	GLS;BAD;RAB5A;PRKD2	PKCE
αCD3_αICOS_10min	prerank	CDC7	0.5497532858453029	0.913828290064902	0.6455525606469003	0.7995183633238202	1.0	3/6	41.59%	NCL;MCM2;MFAP1	CDC7
αCD3_αICOS_10min	prerank	IKKA	0.5376292805508156	0.9107840623748195	0.6380027739251041	0.7903589197802804	1.0	3/6	35.68%	NCOA3;NCOR2;RELB	IKKA
αCD3_αICOS_10min	prerank	AurA	0.43787548679218813	0.9040849207840085	0.648936170212766	0.7879176548270206	1.0	5/16	16.82%	TACC3;MAP9;MYBBP1A;ARHGEF2;HNRNPK	AurA
αCD3_αICOS_10min	prerank	CDK2	0.360335155207516	0.8901978955679404	0.7139959432048681	0.7969919601165214	1.0	33/78	35.36%	PRRC2A;LIG3;ANKLE2;SRSF9;RB1;AFDN;SCML2;BCLAF1;HMGA1;MKI67;MRTFA;SF3B1;HNRNPK;GIGYF2;LARP1;ZC3H11A;STMN1;EIF4G1;LRCH3;CCDC6;CDC25C;RBL1;NCL;NUP98;THRAP3;ARID4A;ZNF609;H1-4;KMT2D;ORC1;TOPBP1;DDX3X;MCM2	CDK2
αCD3_αICOS_10min	prerank	GSK3A	0.4665816165666657	0.8818416894625292	0.6590621039290241	0.7963864963209788	1.0	4/11	24.28%	RICTOR;PRKAA1;NCOA3;NDRG1	GSK3A
αCD3_αICOS_10min	prerank	TBK1	0.5106475240833132	0.8797929712450832	0.699055330634278	0.7856308724723057	1.0	3/7	28.63%	OPTN;TRIP12;HTT	TBK1
αCD3_αICOS_10min	prerank	IKKB	0.48770545671158794	0.8667072249231791	0.7036082474226805	0.7908427427523483	1.0	5/8	35.68%	OPTN;PFKFB3;STAT1;HTT;RELB	IKKB
αCD3_αICOS_10min	prerank	LYN	-0.36360447917888383	-0.8562323893738668	0.6178010471204188	1.0	1.0	2/12	6.81%	PTPN6;PEAK1	LYN
αCD3_αICOS_10min	prerank	ATM	0.3525464697347085	0.8126877034220523	0.795429815016322	0.8510424253674407	1.0	12/40	27.48%	SP1;PRKDC;CHD4;SLC2A1;PBRM1;TAOK3;TRIM28;USP28;HUWE1;CCDC6;EP300;DCK	ATM
αCD3_αICOS_10min	prerank	LKB1	-0.3929048752768331	-0.7974637262652116	0.7238095238095238	1.0	1.0	3/8	15.26%	SIRT1;MARK3;PAK1	LKB1
αCD3_αICOS_10min	prerank	Pim1	0.4622763289943913	0.7859337634853236	0.7862796833773087	0.8695662604356588	1.0	3/7	28.71%	BAD;NDRG1;CBX8	Pim1
αCD3_αICOS_10min	prerank	HIPK2	-0.4208422994447681	-0.7593962145237683	0.7373737373737373	1.0	1.0	1/5	1.48%	SIRT1	HIPK2
αCD3_αICOS_10min	prerank	AMPKA2	-0.37385687843041315	-0.7518678827007962	0.7477064220183486	0.9472735628222251	1.0	1/7	0.90%	PAK2	AMPKA2
αCD3_αICOS_10min	prerank	PKG1	0.4299959892902466	0.7360286243661733	0.8342175066312998	0.9083888404011232	1.0	1/7	5.17%	VASP	PKG1
αCD3_αICOS_10min	prerank	TAK1	0.3989835202424371	0.7346869275846303	0.8443877551020408	0.8957691100502192	1.0	4/9	29.94%	EIF4B;CDC25C;GAPVD1;HDAC7	TAK1
αCD3_αICOS_10min	prerank	AurB	0.31682463417194323	0.7060653457847862	0.8857466063348416	0.907045930431402	1.0	6/29	13.54%	PRKDC;KIF20A;RB1;MKI67;AHNAK;MYBBP1A	AurB
αCD3_αICOS_10min	prerank	mTOR	0.35963865731518657	0.693377276096547	0.8796068796068796	0.9045541297244589	1.0	5/12	21.00%	SRRM2;WASHC2A;SRRM1;RPS6;LARP1	mTOR
αCD3_αICOS_10min	prerank	PKCB	0.41020186657762847	0.688762172066661	0.9004092769440655	0.8949876851229889	1.0	3/6	23.30%	PRKAA1;PRKCB;STMN1	PKCB
αCD3_αICOS_10min	prerank	CK1D	-0.3328173034762304	-0.6842947901412277	0.8205128205128205	0.9479449398991858	1.0	1/7	2.79%	SMARCA4	CK1D
αCD3_αICOS_10min	prerank	CAMK2A	-0.27613686245691077	-0.5300336042213816	0.9820143884892086	0.9848132351040455	1.0	2/6	13.45%	ETS1;CARD11	CAMK2A
αCD3_αICOS_5min	prerank	CDK9	-0.7459965705464515	-1.536184040211039	0.07722007722007722	0.7144266480965645	0.582	3/7	10.50%	RB1;BORA;SIRT1	CDK9
αCD3_αICOS_5min	prerank	Chk2	-0.6597956729447212	-1.4827168267441417	0.07894736842105263	0.4941388115134633	0.68	2/10	4.02%	RB1;H1-2	Chk2
αCD3_αICOS_5min	prerank	Ret	0.892235475342	1.4294860767399795	0.014104372355430184	1.0	0.753	2/5	0.74%	PLCG1;MAPK3	Ret
αCD3_αICOS_5min	prerank	ERK2	0.581914726205399	1.4267521698340577	0.016094420600858368	0.9124045550289626	0.763	31/54	35.11%	RPS6KA1;RGS19;BRAF;TSC2;ERF;RPS6KA3;MKNK1;MED1;DMTN;STIM1;NUP50;MRTFA;NUP153;SORBS3;EP300;ARHGEF2;PTPN7;MAPK1;HELLS;EIF4G1;NDEL1;NCOA2;ADAM17;CRTC3;TOP2A;TP53BP2;STAT3;CEP55;GTF2I;BAD;PXN	ERK2
αCD3_αICOS_5min	prerank	AMPKA2	-0.6755274137473344	-1.4003892570287915	0.14615384615384616	0.4991682141751779	0.817	3/7	9.60%	PAK2;TP53BP1;PDHA1	AMPKA2
αCD3_αICOS_5min	prerank	ERK1	0.5687897860494049	1.3665701275685231	0.025498891352549888	1.0	0.931	25/47	35.11%	MAPK3;BRAF;TSC2;MKNK1;MED1;LIMA1;NUP50;MRTFA;NUP153;SORBS3;EP300;ARHGEF2;SEC16A;RAB5A;STMN1;EIF4G1;NCOA2;ADAM17;RAF1;CRTC3;TOP2A;STAT3;GTF2I;BAD;PXN	ERK1
αCD3_αICOS_5min	prerank	ASK1	0.8166980368999412	1.3471265365592542	0.06500691562932227	1.0	0.966	2/5	16.00%	MAP2K4;MAPRE1	ASK1
αCD3_αICOS_5min	prerank	Akt2	0.7842219162767601	1.335546329346792	0.08823529411764706	0.9864237756714058	0.977	4/6	21.74%	ADAR;EDC3;RACGAP1;NF2	Akt2
αCD3_αICOS_5min	prerank	PDK1	0.7668875060606044	1.3318372815736312	0.09138381201044386	0.8457302088818676	0.978	4/7	17.23%	RPS6KA1;MAP2K2;AKT3;PRKCD	PDK1
αCD3_αICOS_5min	prerank	CAMK2A	-0.6615788127631288	-1.3111743065527766	0.15734265734265734	0.5390262302692664	0.895	1/6	0.33%	CARD11	CAMK2A
αCD3_αICOS_5min	prerank	EGFR	0.7829417796947621	1.3098677344262322	0.09090909090909091	0.8823017753704957	0.99	2/6	13.29%	PLCG1;EPB41	EGFR
αCD3_αICOS_5min	prerank	CDK7	-0.7109830527404597	-1.2841091036833234	0.22333333333333333	0.4736188486536676	0.921	1/5	0.16%	RB1	CDK7
αCD3_αICOS_5min	prerank	Fyn	0.6080196759704988	1.2440836816745116	0.17424242424242425	1.0	1.0	5/15	14.93%	RPS6KA3;FYB1;AGAP2;PECAM1;NMT1	Fyn
αCD3_αICOS_5min	prerank	Cot	0.7513738599655143	1.2368989912604302	0.1638418079096045	1.0	1.0	2/5	12.39%	RPS6KA1;MAP2K2	Cot
αCD3_αICOS_5min	prerank	CDK5	-0.4335844183475564	-1.2360498497874577	0.14383561643835616	0.4703748839368616	0.946	1/23	0.16%	RB1	CDK5
αCD3_αICOS_5min	prerank	Syk	0.7053189567606126	1.2258699362240364	0.1724137931034483	1.0	1.0	2/7	10.09%	PLCG1;LCP2	Syk
αCD3_αICOS_5min	prerank	AurB	-0.40249865848940036	-1.225379419592816	0.11023622047244094	0.4176200424459478	0.956	6/29	4.76%	RB1;PLEC;TP53BP1;CCDC86;SEPTIN1;KNL1	AurB
αCD3_αICOS_5min	prerank	PKCB	0.7257372572070573	1.2101054739267192	0.20027624309392264	1.0	1.0	4/6	25.51%	PRKAA1;EPB41;STMN1;PRKCB	PKCB
αCD3_αICOS_5min	prerank	MAPKAPK2	0.5581105393946773	1.2025727536522968	0.21867321867321868	1.0	1.0	8/19	19.20%	TSC2;PFKFB3;RCSD1;CEP131;TRIM28;MRTFA;RBM7;NELFE	MAPKAPK2
αCD3_αICOS_5min	prerank	PKCZ	0.7011782497272159	1.196826640873539	0.20081967213114754	1.0	1.0	3/6	26.99%	MARK2;VIM;NCOA3	PKCZ
αCD3_αICOS_5min	prerank	PKCA	0.49818757393800484	1.1935312976769377	0.1874310915104741	1.0	1.0	16/41	30.68%	SPN;PLCG1;MYH9;VASP;PFKFB3;PRKAA1;EPB41;CD3G;EP300;MBD4;GPR15;EIF4G1;VIM;ADAM17;RAF1;ARHGDIA	PKCA
αCD3_αICOS_5min	prerank	CDK4	-0.6248243273629434	-1.1926577653171497	0.24315068493150685	0.4053069870009285	0.97	1/6	0.16%	RB1	CDK4
αCD3_αICOS_5min	prerank	p90RSK	0.5707454696069962	1.1920560265816351	0.23654568210262827	0.9498420221169035	1.0	6/16	19.85%	EIF4B;TSC2;VASP;TERF2IP;CARHSP1;REPS1	p90RSK
αCD3_αICOS_5min	prerank	Akt3	0.7034163769281311	1.1521934324773377	0.28175182481751826	1.0	1.0	4/5	28.71%	BRAF;ADAR;NF2;IWS1	Akt3
αCD3_αICOS_5min	prerank	Akt1	0.46074982930910396	1.1453943259340158	0.2467391304347826	1.0	1.0	27/53	32.90%	PLCG1;BRAF;ACIN1;TSC2;RPS6KA3;MAP2K4;PFKFB3;HNRNPA1;PRKAA1;AGAP2;ADAR;TOPBP1;EP300;CARHSP1;EDC3;NF2;KAT6A;NCL;VIM;MDM2;IWS1;PFKFB2;PEA15;ACLY;BCL10;KMT2D;PDCD4	Akt1
αCD3_αICOS_5min	prerank	AMPKA1	0.5060322733218307	1.1402269366114806	0.28837209302325584	1.0	1.0	15/29	33.80%	BRAF;TSC2;MKNK1;VASP;PFKFB3;PRKAA1;STIM1;EP300;SNX17;NCL;KLC1;PFKFB2;GBF1;LIPE;ZNF692	AMPKA1
αCD3_αICOS_5min	prerank	Lck	0.5890811766892494	1.123869996949871	0.31136950904392763	1.0	1.0	5/11	26.74%	LCP2;PECAM1;VAV1;PRKCQ;SSBP3	Lck
αCD3_αICOS_5min	prerank	NEK6	0.6357504100562794	1.118973611790865	0.34210526315789475	1.0	1.0	3/7	14.36%	KIF20A;NUP98;EML4	NEK6
αCD3_αICOS_5min	prerank	PKG1	0.6259461998693372	1.0993223483831	0.37092391304347827	1.0	1.0	5/7	34.04%	VASP;ARHGEF6;STMN1;LIPE;GTF2I	PKG1
αCD3_αICOS_5min	prerank	CDK6	-0.5652448264656565	-1.0913244356348277	0.36610169491525424	0.49036675951717734	0.99	1/6	0.16%	RB1	CDK6
αCD3_αICOS_5min	prerank	PAK1	0.5139890133534059	1.0871269208502357	0.36352357320099254	1.0	1.0	11/18	35.11%	BRAF;GIT1;ARHGEF2;NF2;MORC2;STMN1;VIM;RAF1;ARHGDIA;BAD;PXN	PAK1
αCD3_αICOS_5min	prerank	P38A	-0.40411334594840836	-1.082834638998226	0.3132530120481928	0.45347609099350045	0.99	1/21	0.16%	RB1	P38A
αCD3_αICOS_5min	prerank	PRKD2	0.6653759161720538	1.0780738394586882	0.3719247467438495	1.0	1.0	4/5	27.07%	VASP;MARK2;HDAC7;PI4KB	PRKD2
αCD3_αICOS_5min	prerank	PKCB iso2	0.6061847797644163	1.0662957704137683	0.4052924791086351	1.0	1.0	3/7	25.51%	MYH9;EIF4G1;PRKCB	PKCB iso2
αCD3_αICOS_5min	prerank	PRKD1	0.560243974506022	1.0647667937247427	0.39238845144356954	1.0	1.0	5/10	34.78%	VASP;MARK2;HDAC7;PI4KB;BAD	PRKD1
αCD3_αICOS_5min	prerank	JAK2	0.5783180737381317	1.062200958265179	0.423841059602649	1.0	1.0	1/9	0.74%	MAPK3	JAK2
αCD3_αICOS_5min	prerank	P38B	0.6217077188135232	1.059369835568453	0.4275766016713092	1.0	1.0	4/6	36.83%	EP300;CDC25B;RPTOR;KAT5	P38B
αCD3_αICOS_5min	prerank	CK2A1	0.42865734804227684	1.0515887439583715	0.40919037199124725	0.9952254005867749	1.0	7/49	10.50%	CLIP1;RGS19;MYH9;IL16;HNRNPA1;ABCF1;CDC27	CK2A1
αCD3_αICOS_5min	prerank	SGK1	0.5630794266313311	1.051273083924988	0.45118733509234826	0.9620506936500154	1.0	5/10	20.26%	TSC2;MKNK1;MAP2K4;CARHSP1;MAPK1	SGK1
αCD3_αICOS_5min	prerank	MARK2	0.6298400304061061	1.034647958359531	0.46629213483146065	0.9874577628576444	1.0	3/5	24.12%	MARK2;ARHGEF2;HDAC7	MARK2
αCD3_αICOS_5min	prerank	PKCE	0.5662641890765223	1.0293219134069382	0.4689189189189189	0.9726150435713193	1.0	6/8	39.79%	RAB5A;ADAM17;STAT3;BAD;IQGAP1;PRKD2	PKCE
αCD3_αICOS_5min	prerank	PAK2	-0.549256889576144	-1.0265225198710926	0.4064516129032258	0.4835770659238626	0.995	1/5	0.98%	PAK2	PAK2
αCD3_αICOS_5min	prerank	AurA	0.48021762945649077	1.0005769679837726	0.5104808877928483	1.0	1.0	6/16	31.58%	TACC3;MAP9;ARHGEF2;WDR62;CDC25B;MYBBP1A	AurA
αCD3_αICOS_5min	prerank	JNK2	0.5900445240419447	0.9986357925588775	0.5383522727272727	1.0	1.0	4/6	40.85%	NFATC3;LIMD1;CDC25C;BAZ1B	JNK2
αCD3_αICOS_5min	prerank	PKCI	0.5723842511171052	0.996125867274884	0.5379213483146067	0.9893873129820647	1.0	4/7	34.78%	MARK2;EP300;VIM;BAD	PKCI
αCD3_αICOS_5min	prerank	ZAP70	0.5898613201194493	0.9886022143639185	0.5381414701803051	0.9831231663281428	1.0	2/5	20.75%	LCP2;DBNL	ZAP70
αCD3_αICOS_5min	prerank	Pim1	0.564234168542973	0.9849572872313976	0.5387755102040817	0.96692658051021	1.0	5/7	41.59%	CBX8;MDM2;BAD;CXCR4;NDRG1	Pim1
αCD3_αICOS_5min	prerank	ROCK1	0.5397114258181321	0.9755733825107548	0.5512129380053908	0.9662913802428021	1.0	1/8	0.66%	PPP1R12A	ROCK1
αCD3_αICOS_5min	prerank	PKCD	0.4614563960270844	0.970399689943664	0.5484662576687117	0.9537828081261606	1.0	4/19	17.23%	TSC2;MARK2;EP300;PRKCD	PKCD
αCD3_αICOS_5min	prerank	CK1A	-0.4891987841829982	-0.9619745203284246	0.4833948339483395	0.5287159548127515	0.997	1/7	0.33%	CARD11	CK1A
αCD3_αICOS_5min	prerank	JNK1	0.434164033560311	0.9583597311815812	0.55622009569378	0.959112252062489	1.0	12/22	39.54%	WDR62;EIF4ENIF1;NCOA3;CDC25B;AIMP1;LIMD1;STAT3;PXN;RPTOR;ATN1;YWHAZ;CDC25C	JNK1
αCD3_αICOS_5min	prerank	p70S6K	0.4993250938687826	0.9568424187879035	0.5554106910039114	0.9391990850447604	1.0	2/10	6.23%	EIF4B;EPRS1	p70S6K
αCD3_αICOS_5min	prerank	Src	0.3844779005110347	0.9488966731680374	0.5930359085963003	0.9351018347268781	1.0	26/55	39.87%	ARAF;MYH9;RPS6KA3;RAPGEF1;HLA-B;EMD;MAPRE1;GIT1;PRKCD;ARHGEF7;ARHGEF2;RBM10;MDM2;THRAP3;RAF1;ARHGDIA;ARHGAP5;ACLY;STAT3;GTF2I;PXN;IQGAP1;SFPQ;GRK2;PRKD2;THOC5	Src
αCD3_αICOS_5min	prerank	TBK1	0.5471130764594501	0.9467409374285698	0.5828729281767956	0.9176763616188971	1.0	5/7	38.23%	OPTN;TRIP12;HTT;RPTOR;RPS6KB1	TBK1
αCD3_αICOS_5min	prerank	CK1D	0.527783762937916	0.9361564101640346	0.592087312414734	0.919543792938756	1.0	5/7	30.60%	APC;SMARCA4;NCOA3;MDM2;DCK	CK1D
αCD3_αICOS_5min	prerank	PKACA	0.3741575857318067	0.9241149129271101	0.6495633187772926	0.924778367202834	1.0	26/57	30.68%	PLCG1;AKAP13;TPR;VASP;PFKFB3;DMTN;STIM1;EMD;MARK2;ARHGEF6;PJA2;SIK3;PTPN7;NF2;ARHGAP17;MORC2;URI1;STMN1;GPR15;FYN;VIM;NCOA3;IQGAP2;RAF1;PFKFB2;ARHGDIA	PKACA
αCD3_αICOS_5min	prerank	Chk1	0.3525915522012385	0.8913593286103867	0.681367144432194	0.9714250190158563	1.0	17/57	18.54%	RIF1;EML3;ZNF395;SRRM2;MED1;EPRS1;MATR3;MKI67;TICRR;MYCBP2;MAP2K2;TRIM28;NUP153;HNRNPA2B1;BAZ1A;ARHGEF2;ZC3HC1	Chk1
αCD3_αICOS_5min	prerank	ATR	-0.3351862117907969	-0.8762203209460409	0.6702127659574468	0.6051532033426184	0.998	4/19	10.09%	TP53BP1;HUWE1;BORA;DBF4	ATR
αCD3_αICOS_5min	prerank	LKB1	0.4775219031120011	0.8550008475187257	0.7123655913978495	1.0	1.0	3/8	17.06%	PRKAA1;MARK2;SIK3	LKB1
αCD3_αICOS_5min	prerank	TAK1	0.4477654123423269	0.8356278287577719	0.7202072538860104	1.0	1.0	3/9	24.12%	EIF4B;HNRNPA2B1;HDAC7	TAK1
αCD3_αICOS_5min	prerank	IKKA	0.4841130711076722	0.8247876167534772	0.7489239598278336	1.0	1.0	5/6	51.11%	NCOA3;RELB;ELAVL1;ATG16L1;NFKB2	IKKA
αCD3_αICOS_5min	prerank	IKKB	0.4637749819032633	0.8222404902437775	0.7429340511440108	1.0	1.0	2/8	10.75%	PFKFB3;OPTN	IKKB
αCD3_αICOS_5min	prerank	ATM	0.34133987553838924	0.8200054289101304	0.7804323094425484	0.9898038441284887	1.0	10/40	17.72%	RIF1;MED1;USP28;MATR3;TRIM28;PBRM1;TAOK3;TOPBP1;EP300;SMARCA4	ATM
αCD3_αICOS_5min	prerank	CDK1	0.311003740701883	0.8142224677645801	0.8720812182741117	0.9784916467903644	1.0	36/109	29.45%	MAPK3;EML3;TPR;IL16;SRRM2;KIF20A;MKI67;PIK3C2A;CDCA2;CDC27;STIM1;NUP98;EPB41;NUP50;AHNAK;EP300;ARHGEF2;SEPTIN9;SCML2;ZC3HC1;CARHSP1;ZC3H11A;INCENP;STMN1;UBAP2L;EIF4G1;NCL;RANBP2;NDEL1;VIM;GIGYF2;NCOA3;PI4KB;CDC25B;PPP1R13L;LIMD1	CDK1
αCD3_αICOS_5min	prerank	LYN	0.4175490565395572	0.8134312049783023	0.7566539923954373	0.9608881319115323	1.0	4/12	31.50%	TRIM28;NMT1;GCSAM;ACLY	LYN
αCD3_αICOS_5min	prerank	ULK1	0.490155785658392	0.8111075624961678	0.7581792318634424	0.9457249098333781	1.0	2/5	36.51%	SEC16A;RPTOR	ULK1
αCD3_αICOS_5min	prerank	Abl	0.3773156336600814	0.8107290591139407	0.7806060606060606	0.9286868819846702	1.0	5/21	15.50%	PLCG1;ERCC6;RAPGEF1;EMD;VAV1	Abl
αCD3_αICOS_5min	prerank	PKCT	0.4407556851943002	0.7960905917702961	0.7643229166666666	0.9316581095313323	1.0	5/8	19.93%	PPP1R12A;CBLB;ARHGEF6;PRKCQ;PTPN7	PKCT
αCD3_αICOS_5min	prerank	FAK	0.46313973571260847	0.7889857241701194	0.7894002789400278	0.9244380265929436	1.0	4/6	47.17%	GIT1;PXN;LAT;ITGB7	FAK
αCD3_αICOS_5min	prerank	PLK1	0.33429494343696664	0.7796962531445482	0.8263337116912599	0.9196105637316039	1.0	14/33	31.17%	CLIP1;MAP9;CDC27;OPTN;MAP2K2;WDR62;RACGAP1;MDC1;PCNT;VIM;MDM2;CDC25B;GTSE1;TOP2A	PLK1
αCD3_αICOS_5min	prerank	CDK2	0.28396345634444636	0.7454094579971943	0.9072708113804004	0.9437376863503477	1.0	25/78	29.12%	PRRC2A;ANKLE2;AFDN;MED1;APC;MKI67;TICRR;NUP98;SF3B1;MRTFA;SORBS3;TOPBP1;TERF2IP;SCML2;ZC3H11A;RBL1;MDC1;LARP1;STMN1;EIF4G1;NCL;GIGYF2;LRCH3;LMNB2;THRAP3	CDK2
αCD3_αICOS_5min	prerank	HIPK2	0.45457848590861194	0.7439671783008569	0.826265389876881	0.9294100485536545	1.0	1/5	16.98%	EP300	HIPK2
αCD3_αICOS_5min	prerank	RSK2	0.379444593911079	0.666248322140596	0.8876860622462788	0.9880104111813235	1.0	5/7	43.23%	STMN1;STAT3;BAD;RPS6;CIC	RSK2
αCD3_αICOS_5min	prerank	DNAPK	0.35888840509851094	0.6645850423330166	0.8948069241011984	0.9733040038329059	1.0	1/9	5.66%	MED1	DNAPK
αCD3_αICOS_5min	prerank	CDC7	0.3641682818651911	0.620290295969548	0.9201680672268907	0.9885561585894103	1.0	3/6	37.74%	NCL;TOP2A;MCM2	CDC7
αCD3_αICOS_5min	prerank	GSK3A	0.2824143640604144	0.5455348371178728	0.9744572158365262	1.0	1.0	3/11	33.88%	PRKAA1;NCOA3;STAT3	GSK3A
αCD3_αICOS_5min	prerank	mTOR	0.2749539211528778	0.536946138833245	0.9797724399494311	0.9960204692436808	1.0	6/12	38.23%	SRRM2;LARP1;WASHC2A;RPTOR;UBR4;RPS6KB1	mTOR
αCD3_αICOS_5min	prerank	GSK3B	0.21740957804226857	0.5156630572456519	0.9942594718714122	0.9866870721432333	1.0	4/33	16.00%	APC;PRKAA1;MARK2;MAPRE1	GSK3B
