condition	geneid	n_sites	best_pos_site	best_pos_score	best_pos_log2fc	best_neg_site	best_neg_score	best_neg_log2fc	score_span
αCD3_10min	DPYSL2	3	DPYSL2-S517	36.4032	6.4	DPYSL2-T514	-51.432255000000005	-7.099	87.835455
αCD3_10min	BCL11B	3	BCL11B-S169	34.333236	5.166	BCL11B-S772	-31.434312	-5.446	65.767548
αCD3_10min	RIF1	3	RIF1-S2348	50.095968	7.124	RIF1-S2157	-7.498358	-3.547	57.594325999999995
αCD3_10min	BSG	3	BSG-S367	47.099384	7.582	BSG-T237	-3.06092	-2.36	50.160304000000004
αCD3_10min	CLIP1	3	CLIP1-S348	46.337104	7.288	CLIP1-S195	-3.58328	-1.88	49.920384
αCD3_10min	SLC2A1	3	SLC2A1-S226	6.306368	3.736	SLC2A1-T238	-40.837092	-6.117	47.14346
αCD3_10min	SMARCD2	2	SMARCD2-T217	37.78033	5.365	SMARCD2-Y197	-7.700400000000001	-4.464	45.48073
αCD3_10min	TBC1D10B	3	TBC1D10B-T150	27.309338999999998	7.419	TBC1D10B-S687	-13.48094	-3.19	40.790279
αCD3_10min	EIF4G3	3	EIF4G3-S1156	29.004507	5.453	EIF4G3-S495	-9.13208	-4.328	38.136587
αCD3_10min	PRKAA1	2	PRKAA1-S397	31.865799999999997	4.504	PRKAA1-T488	-5.857247999999999	-4.656	37.723048
αCD3_10min	SPEN	2	SPEN-S623	17.229938	4.514	SPEN-S1392	-16.582776	-5.019	33.812714
αCD3_10min	SH2D3C	2	SH2D3C-S447	7.532	4.0	SH2D3C-S339	-25.786674	-4.923	33.318674
αCD3_10min	ZNF592	2	ZNF592-S348	13.160489999999998	6.483	ZNF592-S1264	-19.73104	-6.244	32.891529999999996
αCD3_10min	DBNL	5	DBNL-S160	30.256402	5.401	DBNL-S253	-2.0052	-1.671	32.261602
αCD3_10min	MKI67	14	MKI67-S3249	6.723771999999999	3.026	MKI67-S2505	-25.197786	-6.113	31.921558
αCD3_10min	SRRM2	27	SRRM2-S1501	17.835345	6.165	SRRM2-S1439	-13.3476	-4.767	31.182945
αCD3_10min	ACIN1	3	ACIN1-S400	27.921051000000002	4.413	ACIN1-T682	-2.936445	-2.445	30.857496
αCD3_10min	BRAF	2	BRAF-S447	25.974802	6.223	BRAF-S419	-3.4905899999999996	-1.137	29.465392
αCD3_10min	BUD13	5	BUD13-T135	20.938346	4.499	BUD13-S391	-8.16316	-4.67	29.101506
αCD3_10min	PEAK1	2	PEAK1-S826	8.562624000000001	3.878	PEAK1-S1036	-20.1214	-5.45	28.684024
αCD3_10min	ARHGAP30	3	ARHGAP30-T1020	21.244339999999998	4.045	ARHGAP30-S1086	-7.282422	-1.993	28.526761999999998
αCD3_10min	MAP3K7	3	MAP3K7-S367	14.54971	4.858	MAP3K7-S454	-12.233962	-5.447	26.783672
αCD3_10min	MIDEAS	2	MIDEAS-Y630	15.101819999999998	4.77	MIDEAS-Y624	-10.99272	-3.912	26.09454
αCD3_10min	PRRC2A	6	PRRC2A-T172	9.242044	2.921	PRRC2A-T1087	-14.418565000000001	-4.795	23.660609
αCD3_10min	ARHGAP35	5	ARHGAP35-S1150	11.146667	5.341	ARHGAP35-S985	-12.43248	-3.54	23.579147
αCD3_10min	EMD	9	EMD-S49	11.82104	5.852	EMD-S171	-11.237274	-6.338	23.058314
αCD3_10min	SRRM1	8	SRRM1-S775	9.074254	2.534	SRRM1-S695	-13.738074	-8.449	22.812328
αCD3_10min	DIDO1	2	DIDO1-S1017	6.902239	3.737	DIDO1-S862	-15.88419	-3.981	22.786429
αCD3_10min	TLK1	3	TLK1-S109	8.840810000000001	3.938	TLK1-T753	-13.252010000000002	-2.329	22.092820000000003
αCD3_10min	MICALL1	3	MICALL1-T647	17.41225	4.097	MICALL1-S484	-4.083075	-2.367	21.495325
αCD3_10min	NCOA2	2	NCOA2-S771	7.335825	3.925	NCOA2-S2	-14.14655	-4.45	21.482374999999998
αCD3_10min	HLA-H	2	HLA-H-Y344	16.980348	6.204	HLA-H-T97	-4.24269	-2.655	21.223038
αCD3_10min	MAP4K4	3	MAP4K4-S900	17.042373	4.541	MAP4K4-S631	-2.3330970000000004	-1.989	19.37547
αCD3_10min	LRRFIP1	4	LRRFIP1-S766	15.528678000000001	6.359	LRRFIP1-S638	-3.7632	-2.94	19.291878
αCD3_10min	RBL1	2	RBL1-S640	13.356612000000002	5.067	RBL1-S1037	-4.4067240000000005	-1.044	17.763336000000002
αCD3_10min	EPB41	4	EPB41-S521	6.405194	3.053	EPB41-S712	-11.1708	-5.136	17.575994
αCD3_10min	RANBP2	6	RANBP2-S2805	12.635352	3.672	RANBP2-S1573	-3.95975	-3.37	16.595102
αCD3_10min	NAP1L4	4	NAP1L4-S5	4.668095	1.865	NAP1L4-S7	-11.698756	-2.609	16.366851
αCD3_10min	FYB1	4	FYB1-S209	5.67554	3.419	FYB1-Y571	-10.442658	-3.774	16.118198
αCD3_10min	MED1	4	MED1-S588	10.262711999999999	3.022	MED1-S1482	-5.503520000000001	-4.24	15.766231999999999
αCD3_10min	FKBP15	2	FKBP15-S619	4.789862	2.926	FKBP15-S984	-10.802351999999999	-5.412	15.592213999999998
αCD3_10min	ATAD2	7	ATAD2-S1157	4.918515	2.359	ATAD2-S1255	-10.488719999999999	-3.014	15.407235
αCD3_10min	PCM1	2	PCM1-S1283	5.313539	3.199	PCM1-T77	-9.88349	-5.017	15.197029
αCD3_10min	DOCK2	3	DOCK2-T1797	7.4723489999999995	4.149	DOCK2-S1706	-7.206516	-2.862	14.678864999999998
αCD3_10min	PCNT	4	PCNT-S610	7.188423	3.571	PCNT-T2362	-7.267216	-3.454	14.455639000000001
αCD3_10min	SMARCA4	3	SMARCA4-T1384	10.633251	3.981	SMARCA4-S1382	-3.6358979999999996	-3.129	14.269148999999999
αCD3_10min	BCL9L	4	BCL9L-S118	3.0765749999999996	2.413	BCL9L-T989	-11.180288	-5.872	14.256863
αCD3_10min	AHNAK	5	AHNAK-S5737	10.695943999999999	3.112	AHNAK-S5782	-3.451464	-3.306	14.147407999999999
αCD3_10min	ETS1	3	ETS1-S282	3.188745	3.339	ETS1-S273	-10.958484	-3.932	14.147229
αCD3_10min	DTL	3	DTL-S717	2.9575319999999996	1.277	DTL-S487	-11.012796	-6.444	13.970327999999999
αCD3_10min	JUNB	3	JUNB-S259	7.50915	2.255	JUNB-S251	-6.368234	-2.669	13.877384
αCD3_10min	EIF4ENIF1	2	EIF4ENIF1-T769	9.875231999999999	4.896	EIF4ENIF1-S78	-3.8278499999999998	-3.775	13.703081999999998
αCD3_10min	PRRC2C	4	PRRC2C-S1544	9.402204000000001	4.844	PRRC2C-T1265	-3.7463579999999994	-2.703	13.148562
αCD3_10min	AKAP13	7	AKAP13-S2728	9.957388	2.828	AKAP13-S2567	-3.0486400000000002	-2.722	13.006028
αCD3_10min	EML4	2	EML4-S94	8.676359999999999	4.62	EML4-S138	-3.592888	-2.509	12.269248
αCD3_10min	CHAMP1	6	CHAMP1-S436	9.498872	2.084	CHAMP1-S382	-2.261636	-1.586	11.760508000000002
αCD3_10min	RCSD1	5	RCSD1-S127	7.344921	3.313	RCSD1-S116	-4.134536	-2.408	11.479457
αCD3_10min	TMPO	5	TMPO-S312	2.9271599999999998	1.73	TMPO-S224	-8.401325	-3.845	11.328485
αCD3_10min	TP53BP1	3	TP53BP1-S809	5.251599999999999	2.764	TP53BP1-S1430	-5.575805000000001	-3.365	10.827404999999999
αCD3_10min	PLEC	3	PLEC-S149	7.196516	3.401	PLEC-S4613	-3.5329230000000003	-3.043	10.729439
αCD3_10min	LARP1	3	LARP1-S1056	6.027839999999999	4.095	LARP1-T1071	-3.8847	-3.378	9.91254
αCD3_10min	ZNF609	4	ZNF609-S467	4.052048	1.456	ZNF609-S846	-4.861175	-3.025	8.913223
αCD3_10min	RAPGEF1	3	RAPGEF1-S296	2.215764	3.027	RAPGEF1-Y478	-6.587424	-3.084	8.803188
αCD3_10min	WDR62	4	WDR62-S49	5.264204	2.644	WDR62-S1348	-3.3414650000000004	-2.773	8.605669
αCD3_10min	TRIM28	3	TRIM28-S473	4.40336	2.117	TRIM28-S471	-3.0714689999999996	-3.271	7.474829
αCD3_10min	STAU2	2	STAU2-T488	2.4224479999999997	2.012	STAU2-T405	-3.379946	-2.879	5.802394
αCD3_5min	CARD11	5	CARD11-S448	5.0975280000000005	1.992	CARD11-S512	-55.098268	-8.782	60.195796
αCD3_5min	CLIP1	3	CLIP1-S348	50.340038	7.894	CLIP1-S195	-2.850848	-1.958	53.190886
αCD3_5min	THOC2	2	THOC2-S1419	7.51039	4.538	THOC2-T1289	-37.475859	-6.177	44.986249
αCD3_5min	RECQL4	2	RECQL4-S27	5.470107999999999	2.429	RECQL4-S323	-39.32830799999999	-6.044	44.79841599999999
αCD3_5min	ZNF592	2	ZNF592-S348	21.71328	6.312	ZNF592-S1264	-22.687566	-5.961	44.400846
αCD3_5min	RANBP2	6	RANBP2-S2805	11.916476	4.316	RANBP2-S1400	-31.299785999999997	-6.867	43.216262
αCD3_5min	SRRM2	27	SRRM2-T1071	21.408562	4.837	SRRM2-S1443	-20.955032	-6.104	42.363594
αCD3_5min	CARHSP1	3	CARHSP1-S32	4.045872999999999	2.239	CARHSP1-S17	-37.802208	-5.262	41.848081
αCD3_5min	BSG	3	BSG-S368	36.882324	6.858	BSG-T237	-4.233968	-2.588	41.116291999999994
αCD3_5min	IWS1	7	IWS1-S720	32.717616	5.692	IWS1-S300	-6.58329	-3.335	39.300906
αCD3_5min	MKI67	14	MKI67-S3249	18.600707	4.663	MKI67-T347	-17.780946	-3.709	36.381653
αCD3_5min	ACIN1	3	ACIN1-S400	26.232382	5.347	ACIN1-T682	-9.374602000000001	-3.574	35.606984000000004
αCD3_5min	PEAK1	2	PEAK1-S826	13.424004	4.796	PEAK1-S1036	-21.374848	-5.168	34.798852
αCD3_5min	NUP214	2	NUP214-S657	27.778128000000002	5.264	NUP214-S433	-5.1441	-3.9	32.922228000000004
αCD3_5min	ZNF609	4	ZNF609-S1055	22.090082	4.253	ZNF609-S849	-9.799302	-4.107	31.889384
αCD3_5min	BCL11B	3	BCL11B-S169	26.395954000000003	5.609	BCL11B-T417	-3.506764	-2.162	29.902718000000004
αCD3_5min	BUD13	5	BUD13-T135	16.19099	4.495	BUD13-S391	-12.873099999999999	-5.597	29.06409
αCD3_5min	ARHGAP30	3	ARHGAP30-T1020	10.244534	4.883	ARHGAP30-S822	-16.861953	-3.163	27.106487
αCD3_5min	DTL	3	DTL-S717	4.445977	1.601	DTL-S488	-22.002399999999998	-7.858	26.448376999999997
αCD3_5min	LIMK1	3	LIMK1-S298	10.473504	3.792	LIMK1-S310	-14.64822	-4.787	25.121724
αCD3_5min	BCL9L	4	BCL9L-S118	21.72324	4.62	BCL9L-S88	-3.11987	-3.029	24.84311
αCD3_5min	RAPGEF1	3	RAPGEF1-S371	11.664864000000001	5.283	RAPGEF1-Y478	-10.992348000000002	-3.483	22.657212
αCD3_5min	AHNAK	5	AHNAK-S135	11.191036000000002	2.374	AHNAK-S5782	-10.448445000000001	-4.613	21.639481000000004
αCD3_5min	TAGAP	2	TAGAP-Y376	16.326079999999997	5.008	TAGAP-S661	-4.893839999999999	-2.913	21.219919999999995
αCD3_5min	ZBTB21	4	ZBTB21-S411	12.710088	2.934	ZBTB21-S422	-8.012801999999999	-3.566	20.72289
αCD3_5min	SH2D3C	2	SH2D3C-S447	13.992240000000002	5.392	SH2D3C-S339	-6.302747999999999	-3.639	20.294988000000004
αCD3_5min	TLK1	3	TLK1-S109	10.3584	3.32	TLK1-T753	-9.310150000000002	-1.975	19.668550000000003
αCD3_5min	MED1	4	MED1-S588	13.627383	3.633	MED1-S1482	-5.037414	-3.979	18.664797
αCD3_5min	EPB41	4	EPB41-S521	13.440906000000002	3.474	EPB41-S712	-4.873032	-3.831	18.313938
αCD3_5min	AKAP13	7	AKAP13-S2720	15.537441	6.173	AKAP13-S2567	-2.461485	-2.535	17.998926
αCD3_5min	PBRM1	2	PBRM1-S948	13.494465	5.261	PBRM1-S13	-4.16664	-3.858	17.661105
αCD3_5min	LARP4B	2	LARP4B-S498	2.3329359999999997	0.818	LARP4B-T732	-15.213503999999999	-4.029	17.546439999999997
αCD3_5min	NCOA2	2	NCOA2-S771	11.975232	5.144	NCOA2-S2	-5.439798	-3.321	17.41503
αCD3_5min	RCSD1	5	RCSD1-S179	8.347284	1.773	RCSD1-S116	-8.089406	-3.133	16.43669
αCD3_5min	IVNS1ABP	2	IVNS1ABP-T281	9.640916999999998	6.129	IVNS1ABP-S322	-6.1743500000000004	-4.025	15.815266999999999
αCD3_5min	MYCBP2	5	MYCBP2-S2869	12.400531	5.101	MYCBP2-T2683	-3.3862399999999995	-2.86	15.786771
αCD3_5min	LARP1	3	LARP1-S1056	9.229941	5.019	LARP1-T1071	-6.543120000000001	-4.11	15.773061000000002
αCD3_5min	RBL2	6	RBL2-S1112	10.391888	2.444	RBL2-S982	-5.226564000000001	-3.612	15.618452000000001
αCD3_5min	EP300	3	EP300-T887	13.062357	4.697	EP300-S1726	-2.527525	-2.275	15.589882
αCD3_5min	ADAR	2	ADAR-T601	13.203265	5.365	ADAR-S823	-2.0111	-2.275	15.214365
αCD3_5min	ARHGAP17	2	ARHGAP17-S808	10.48599	3.834	ARHGAP17-S676	-4.2581620000000004	-3.221	14.744152
αCD3_5min	OSBPL8	2	OSBPL8-S68	11.138376	5.547	OSBPL8-S63	-3.41651	-3.193	14.554886
αCD3_5min	ARHGAP35	5	ARHGAP35-S1150	12.120032	5.653	ARHGAP35-S985	-2.3206499999999997	-2.025	14.440681999999999
αCD3_5min	JUNB	3	JUNB-S259	11.80595	2.665	JUNB-S251	-2.313108	-1.876	14.119057999999999
αCD3_5min	PCM1	2	PCM1-S1283	9.113909	4.241	PCM1-T77	-4.344022000000001	-3.478	13.457931
αCD3_5min	MAP4K4	3	MAP4K4-S900	10.947263999999999	3.552	MAP4K4-S631	-2.330034	-1.913	13.277297999999998
αCD3_5min	NR2C2	2	NR2C2-S68	6.803828	3.482	NR2C2-T54	-6.242022	-2.862	13.045850000000002
αCD3_5min	MAP3K7	3	MAP3K7-S367	2.1153269999999997	2.183	MAP3K7-S454	-10.670625	-5.625	12.785951999999998
αCD3_5min	ETS1	3	ETS1-S282	4.039	3.5	ETS1-S273	-8.498166	-3.909	12.537166
αCD3_5min	CBLL1	3	CBLL1-S201	8.128703	3.179	CBLL1-T294	-4.3407599999999995	-3.558	12.469463
αCD3_5min	DIDO1	2	DIDO1-S1017	8.2999	4.175	DIDO1-S862	-3.241168	-2.408	11.541068
αCD3_5min	TOP2B	2	TOP2B-Y1421	7.418873	2.299	TOP2B-S1413	-3.4489	-2.653	10.867773
αCD3_5min	MAP7D1	5	MAP7D1-S280	8.086324	4.132	MAP7D1-S116	-2.598232	-2.158	10.684555999999999
αCD3_5min	ATAD2	7	ATAD2-S1157	7.127767999999999	2.804	ATAD2-S1151	-3.502692	-2.682	10.63046
αCD3_5min	GBF1	3	GBF1-S1784	7.42203	3.57	GBF1-Y1305	-2.2881799999999997	-1.91	9.71021
αCD3_5min	DBNL	5	DBNL-S178	7.537942999999999	2.219	DBNL-S253	-2.136342	-1.347	9.674285
αCD3_5min	BRAF	2	BRAF-S447	2.347169	2.701	BRAF-S419	-7.298925	-1.535	9.646094
αCD3_5min	MCM2	2	MCM2-S4	2.457072	2.712	MCM2-S31	-7.18165	-3.55	9.638722000000001
αCD3_5min	APOBR	2	APOBR-S175	2.210493	1.513	APOBR-T572	-7.1550400000000005	-3.94	9.365533000000001
αCD3_5min	NFATC2	6	NFATC2-S268	6.807632	2.392	NFATC2-S326	-2.407686	-1.434	9.215318
αCD3_5min	RNF31	2	RNF31-S466	3.3396660000000002	1.818	RNF31-S437	-5.373054	-3.902	8.712720000000001
αCD3_5min	ARHGEF6	4	ARHGEF6-S640	3.53593	2.038	ARHGEF6-S150	-3.4000120000000003	-2.156	6.935942000000001
αCD3_5min	SYMPK	2	SYMPK-S494	2.6377140000000003	1.762	SYMPK-S1171	-3.82333	-1.981	6.461044
αCD3_5min	GPRIN3	2	GPRIN3-S519	2.238622	2.594	GPRIN3-T581	-3.802224	-2.804	6.040846
αCD3_αCD226_10min	SMARCD2	2	SMARCD2-T217	35.20832	5.42	SMARCD2-Y197	-12.960562	-4.981	48.168881999999996
αCD3_αCD226_10min	PRKAA1	2	PRKAA1-S397	29.921765000000004	4.799	PRKAA1-T488	-13.39338	-6.244	43.315145
αCD3_αCD226_10min	IWS1	7	IWS1-S720	34.64916	5.187	IWS1-S300	-5.816263999999999	-3.508	40.465424
αCD3_αCD226_10min	CD247	2	CD247-S146	11.566682	2.878	CD247-Y142	-26.641878	-3.903	38.20856
αCD3_αCD226_10min	BRAP	3	BRAP-S93	25.718574	4.746	BRAP-Y389	-11.720599	-2.959	37.439173
αCD3_αCD226_10min	ARHGAP30	3	ARHGAP30-T1020	25.976016	4.464	ARHGAP30-S1086	-8.31626	-2.551	34.292276
αCD3_αCD226_10min	AKAP13	7	AKAP13-S2720	28.324770000000004	5.982	AKAP13-S2567	-5.054204	-3.151	33.37897400000001
αCD3_αCD226_10min	GMIP	3	GMIP-T660	26.884508000000004	4.102	GMIP-S234	-6.233535	-2.313	33.118043
αCD3_αCD226_10min	RCSD1	5	RCSD1-S127	27.70457	4.814	RCSD1-S116	-4.220838	-2.066	31.925408
αCD3_αCD226_10min	ABLIM1	3	ABLIM1-S455	25.97364	5.622	ABLIM1-S655	-5.919719000000001	-4.421	31.893359
αCD3_αCD226_10min	STAU2	2	STAU2-T488	13.16406	4.822	STAU2-T405	-17.725422	-4.818	30.889481999999997
αCD3_αCD226_10min	LRRFIP1	4	LRRFIP1-S766	19.918665	6.465	LRRFIP1-S638	-10.960999999999999	-4.85	30.879665
αCD3_αCD226_10min	CLASP1	3	CLASP1-S649	27.378714000000002	5.214	CLASP1-S568	-2.127444	-1.562	29.506158000000003
αCD3_αCD226_10min	SVIL	2	SVIL-T856	24.122816	3.904	SVIL-T852	-3.3772619999999995	-2.674	27.500078
αCD3_αCD226_10min	ATAD5	4	ATAD5-S86	17.189394	5.981	ATAD5-S356	-9.628248	-3.122	26.817642
αCD3_αCD226_10min	EMD	9	EMD-S120	13.9788	3.53	EMD-S171	-12.081216000000001	-6.464	26.060016
αCD3_αCD226_10min	ADAR	2	ADAR-T601	13.161064000000001	5.572	ADAR-S823	-12.732344999999999	-4.635	25.893409
αCD3_αCD226_10min	POM121C	2	POM121C-S81	17.179655999999998	5.576	POM121C-S415	-8.54128	-4.642	25.720936
αCD3_αCD226_10min	INCENP	3	INCENP-T213	20.477422	6.293	INCENP-Y822	-4.540904	-3.281	25.018326000000002
αCD3_αCD226_10min	BCL9L	4	BCL9L-S118	21.359111000000002	4.091	BCL9L-S88	-2.630656	-2.936	23.989767
αCD3_αCD226_10min	ACIN1	3	ACIN1-S400	18.1951	4.675	ACIN1-T682	-5.650463	-2.821	23.845563
αCD3_αCD226_10min	LARP1	3	LARP1-S1056	7.289147	4.519	LARP1-T1071	-16.001507999999998	-5.723	23.290654999999997
αCD3_αCD226_10min	ATXN2L	3	ATXN2L-S335	8.528624	2.504	ATXN2L-S341	-14.426318	-5.927	22.954942000000003
αCD3_αCD226_10min	SRRM2	27	SRRM2-S1132	14.814735	7.085	SRRM2-S1439	-7.74651	-4.47	22.561245
αCD3_αCD226_10min	MIDEAS	2	MIDEAS-Y630	16.554617999999998	3.726	MIDEAS-Y624	-5.805648000000001	-3.204	22.360266
αCD3_αCD226_10min	TMPO	5	TMPO-S360	8.311824	4.688	TMPO-T208	-13.786550000000002	-5.15	22.098374
αCD3_αCD226_10min	MED1	4	MED1-S1256	16.791464	4.553	MED1-S1463	-4.1459280000000005	-3.044	20.937392000000003
αCD3_αCD226_10min	EIF4ENIF1	2	EIF4ENIF1-T769	10.475776	4.832	EIF4ENIF1-S78	-8.813711999999999	-5.284	19.289488
αCD3_αCD226_10min	PBRM1	2	PBRM1-S948	13.83039	5.299	PBRM1-S13	-5.195757	-4.319	19.026147
αCD3_αCD226_10min	RICTOR	3	RICTOR-S1284	14.888463999999999	6.896	RICTOR-S1388	-3.769106	-2.413	18.65757
αCD3_αCD226_10min	DTL	3	DTL-S717	4.198104	1.592	DTL-S488	-14.416045	-7.105	18.614149
αCD3_αCD226_10min	BORA	4	BORA-S239	15.48003	3.585	BORA-S190	-2.5914870000000003	-2.341	18.071517
αCD3_αCD226_10min	PRKCQ	3	PRKCQ-S685	15.983919000000002	3.677	PRKCQ-T538	-2.022786	-1.594	18.006705000000004
αCD3_αCD226_10min	RANBP2	6	RANBP2-S1869	7.707504000000001	2.842	RANBP2-S1400	-9.805950000000001	-5.775	17.513454000000003
αCD3_αCD226_10min	GTF3C1	2	GTF3C1-S1073	13.387645000000001	5.783	GTF3C1-S1068	-3.452552	-2.411	16.840197
αCD3_αCD226_10min	OSBPL8	2	OSBPL8-S68	10.71136	5.44	OSBPL8-S63	-5.103516	-3.772	15.814876000000002
αCD3_αCD226_10min	GTSE1	3	GTSE1-S477	13.259943	3.867	GTSE1-S575	-2.120336	-1.489	15.380279
αCD3_αCD226_10min	DDX20	3	DDX20-S678	12.284766	3.351	DDX20-S714	-3.0629549999999997	-2.823	15.347721
αCD3_αCD226_10min	DOCK2	3	DOCK2-T1797	7.469742	4.102	DOCK2-S1706	-7.4648259999999995	-3.334	14.934567999999999
αCD3_αCD226_10min	RBL2	6	RBL2-S952	10.139013	3.321	RBL2-S1110	-3.916107	-1.053	14.05512
αCD3_αCD226_10min	NCOA2	2	NCOA2-S771	6.152214	3.649	NCOA2-S2	-7.265752	-3.677	13.417966
αCD3_αCD226_10min	RB1	5	RB1-Y790	6.856104	3.702	RB1-S795	-6.5025509999999995	-5.709	13.358654999999999
αCD3_αCD226_10min	TLK1	3	TLK1-S109	9.247342	2.834	TLK1-T753	-3.744847	-1.879	12.992189
αCD3_αCD226_10min	AHNAK	5	AHNAK-S135	7.3636	1.796	AHNAK-S5782	-4.741968	-3.696	12.105568
αCD3_αCD226_10min	RFC1	4	RFC1-Y67	8.68725	4.455	RFC1-S281	-3.381868	-3.143	12.069118
αCD3_αCD226_10min	DIDO1	2	DIDO1-S1017	8.066135	4.015	DIDO1-S862	-3.7077210000000003	-2.591	11.773855999999999
αCD3_αCD226_10min	NR2C2	2	NR2C2-S68	4.669071	2.811	NR2C2-T54	-6.893765999999999	-3.663	11.562836999999998
αCD3_αCD226_10min	NFATC2	6	NFATC2-S268	8.88414	2.63	NFATC2-S326	-2.230447	-1.409	11.114587
αCD3_αCD226_10min	NDRG1	2	NDRG1-T366	3.597375	0.905	NDRG1-T375	-7.228623999999999	-4.784	10.825999
αCD3_αCD226_10min	NAP1L4	4	NAP1L4-S5	6.476093	2.041	NAP1L4-S12	-4.07827	-1.435	10.554362999999999
αCD3_αCD226_10min	RBL1	2	RBL1-S640	6.869790000000001	4.126	RBL1-S1037	-3.6807119999999998	-0.938	10.550502000000002
αCD3_αCD226_10min	EEF2	2	EEF2-T57	2.2008279999999996	1.162	EEF2-T59	-8.06546	-3.484	10.266288
αCD3_αCD226_10min	FYB1	4	FYB1-S329	2.511	3.348	FYB1-Y571	-7.4535800000000005	-3.62	9.964580000000002
αCD3_αCD226_10min	EML4	2	EML4-S94	6.017125	4.625	EML4-S138	-2.7926309999999996	-2.393	8.809756
αCD3_αCD226_10min	UTP18	2	UTP18-T204	4.316592	3.101	UTP18-S124	-4.287248	-2.653	8.60384
αCD3_αCD226_10min	RAPGEF1	3	RAPGEF1-S296	2.088	2.88	RAPGEF1-Y478	-6.396752	-3.208	8.484752
αCD3_αCD226_10min	SLC2A1	3	SLC2A1-S226	2.597644	3.284	SLC2A1-T238	-5.056875	-3.875	7.654519
αCD3_αCD226_10min	EP300	3	EP300-S12	3.5445759999999997	2.944	EP300-S1726	-2.933587	-2.459	6.478163
αCD3_αCD226_10min	ATAD2	7	ATAD2-T1158	4.15064	2.456	ATAD2-S1255	-2.291352	-1.932	6.441992
αCD3_αCD226_10min	ARHGAP11A	3	ARHGAP11A-S875	3.0417680000000002	1.046	ARHGAP11A-T323	-2.3981489999999996	-1.791	5.4399169999999994
αCD3_αCD226_10min	PRRC2A	6	PRRC2A-S166	2.43756	1.48	PRRC2A-T1087	-2.27584	-1.778	4.7134
αCD3_αCD226_5min	CLIP1	3	CLIP1-S348	62.644921000000004	7.963	CLIP1-S195	-2.510334	-1.602	65.155255
αCD3_αCD226_5min	MAP3K1	2	MAP3K1-S1043	4.830408	2.568	MAP3K1-S1018	-56.37480000000001	-8.175	61.205208000000006
αCD3_αCD226_5min	BCL9L	4	BCL9L-S118	36.833208	5.766	BCL9L-T989	-20.732984999999996	-7.137	57.566193
αCD3_αCD226_5min	ARFGEF2	3	ARFGEF2-S1511	30.790386	4.642	ARFGEF2-T244	-25.305112	-5.596	56.095498000000006
αCD3_αCD226_5min	LRRFIP1	4	LRRFIP1-S766	45.836384	7.271	LRRFIP1-S638	-10.133899999999999	-4.67	55.970284
αCD3_αCD226_5min	PCM1	2	PCM1-S1283	11.436366000000001	4.902	PCM1-T77	-42.68844	-6.004	54.124806
αCD3_αCD226_5min	CARD11	5	CARD11-S448	3.7520000000000007	2.345	CARD11-S512	-48.640944	-8.976	52.392944
αCD3_αCD226_5min	ZC3H18	2	ZC3H18-S95	38.676449999999996	6.43	ZC3H18-S487	-5.733923	-3.473	44.41037299999999
αCD3_αCD226_5min	SRRM1	8	SRRM1-S775	5.9667840000000005	2.592	SRRM1-S695	-37.901086	-12.238	43.867869999999996
αCD3_αCD226_5min	GPRIN3	2	GPRIN3-S519	41.256220000000006	5.738	GPRIN3-T581	-2.50815	-1.454	43.76437000000001
αCD3_αCD226_5min	NUP214	2	NUP214-S657	28.551079999999995	6.52	NUP214-S433	-13.806193999999998	-5.483	42.35727399999999
αCD3_αCD226_5min	CBLL1	3	CBLL1-S290	22.382712	7.788	CBLL1-T294	-19.812866	-5.021	42.195578
αCD3_αCD226_5min	ZNF592	2	ZNF592-S348	23.013911999999998	5.816	ZNF592-S1264	-18.877385	-6.155	41.891296999999994
αCD3_αCD226_5min	SRRM2	27	SRRM2-S2426	30.499071	5.151	SRRM2-S1441	-10.988487999999998	-4.952	41.487559
αCD3_αCD226_5min	EP300	3	EP300-S12	13.234262000000001	4.573	EP300-S1726	-27.996336	-3.792	41.230598
αCD3_αCD226_5min	SH2D3C	2	SH2D3C-S447	15.56013	6.114	SH2D3C-S339	-24.513450000000002	-4.835	40.07358
αCD3_αCD226_5min	BRAF	2	BRAF-S447	30.065055	6.117	BRAF-S419	-8.28065	-1.475	38.345705
αCD3_αCD226_5min	LIMK1	3	LIMK1-S302	32.937168	5.136	LIMK1-S310	-3.9441620000000004	-3.067	36.88133
αCD3_αCD226_5min	MED1	4	MED1-S588	24.995848	4.454	MED1-S1482	-11.791692	-5.414	36.78754
αCD3_αCD226_5min	ARHGEF6	4	ARHGEF6-S561	15.648474	5.633	ARHGEF6-S150	-19.784603999999998	-5.201	35.433077999999995
αCD3_αCD226_5min	SMARCD2	2	SMARCD2-T217	30.371000000000002	5.522	SMARCD2-Y197	-4.815107	-4.091	35.186107
αCD3_αCD226_5min	POM121C	2	POM121C-S81	25.786988	4.924	POM121C-S415	-5.407431	-3.763	31.194419
αCD3_αCD226_5min	MKI67	14	MKI67-S3249	20.595036	5.033	MKI67-Y1737	-8.891482	-3.782	29.486518
αCD3_αCD226_5min	DDX20	3	DDX20-S522	15.656693	3.923	DDX20-S714	-13.628112	-4.656	29.284805
αCD3_αCD226_5min	FKBP15	2	FKBP15-S619	14.553588000000001	3.269	FKBP15-S984	-13.52083	-5.141	28.074418
αCD3_αCD226_5min	TAGAP	2	TAGAP-Y376	25.794969999999996	5.345	TAGAP-S661	-2.217338	-2.242	28.012307999999997
αCD3_αCD226_5min	RCSD1	5	RCSD1-S127	19.17135	3.873	RCSD1-S116	-8.294052	-4.038	27.465402
αCD3_αCD226_5min	KMT2A	2	KMT2A-S2196	20.676461	5.707	KMT2A-S1837	-6.1478399999999995	-3.202	26.824301
αCD3_αCD226_5min	PBRM1	2	PBRM1-S948	15.018462999999999	5.627	PBRM1-S13	-11.493804	-5.604	26.512267
αCD3_αCD226_5min	NCOA2	2	NCOA2-S771	12.406099999999999	5.18	NCOA2-S2	-13.56582	-4.362	25.971919999999997
αCD3_αCD226_5min	MYCBP2	5	MYCBP2-S2869	13.888278999999999	5.671	MYCBP2-T2683	-11.758934	-4.301	25.647213
αCD3_αCD226_5min	TRPM7	2	TRPM7-S907	3.527088	4.476	TRPM7-S1404	-21.679408000000002	-3.632	25.206496
αCD3_αCD226_5min	KNL1	3	KNL1-S60	15.610300999999998	3.941	KNL1-S32	-9.329796	-4.214	24.940096999999998
αCD3_αCD226_5min	ACIN1	3	ACIN1-S400	19.809146000000002	5.626	ACIN1-T682	-4.35936	-2.868	24.168506
αCD3_αCD226_5min	RBL2	6	RBL2-S672	13.542348	5.671	RBL2-S982	-10.152108000000002	-4.623	23.694456000000002
αCD3_αCD226_5min	MCM2	2	MCM2-S4	9.034965	3.735	MCM2-S31	-14.357552000000002	-5.104	23.392517
αCD3_αCD226_5min	RASAL3	14	RASAL3-S857	14.138932	5.986	RASAL3-T884	-8.894476000000001	-4.388	23.033408
αCD3_αCD226_5min	DTL	3	DTL-S717	5.22096	1.752	DTL-S488	-17.285999999999998	-8.6	22.50696
αCD3_αCD226_5min	EMD	9	EMD-S49	10.445428	5.446	EMD-S171	-11.507752	-6.316	21.95318
αCD3_αCD226_5min	PDHA1	3	PDHA1-Y289	11.415036	4.614	PDHA1-S232	-10.04697	-4.395	21.462006000000002
αCD3_αCD226_5min	PRKAA1	2	PRKAA1-S397	14.462174999999998	4.225	PRKAA1-T488	-6.992143000000001	-4.799	21.454318
αCD3_αCD226_5min	CCDC88B	4	CCDC88B-S1380	14.882868	4.602	CCDC88B-S1348	-6.387073	-5.327	21.269941
αCD3_αCD226_5min	ARHGAP30	3	ARHGAP30-T1020	13.258224	3.758	ARHGAP30-S1086	-7.308371999999999	-2.577	20.566596
αCD3_αCD226_5min	ATXN2L	3	ATXN2L-S335	6.892182	2.547	ATXN2L-S341	-13.660618999999999	-5.747	20.552801
αCD3_αCD226_5min	AHNAK	5	AHNAK-S135	14.924888000000001	2.728	AHNAK-S5782	-5.527214000000001	-3.778	20.452102000000004
αCD3_αCD226_5min	ADAR	2	ADAR-T601	13.606824	5.698	ADAR-S823	-4.988885000000001	-3.355	18.595709
αCD3_αCD226_5min	DOCK2	3	DOCK2-T1797	11.271264000000002	5.142	DOCK2-S1706	-7.300954	-3.898	18.572218000000003
αCD3_αCD226_5min	STAU2	2	STAU2-T488	12.114278000000002	4.873	STAU2-T405	-6.215520000000001	-3.68	18.329798000000004
αCD3_αCD226_5min	IVNS1ABP	2	IVNS1ABP-T281	15.129448	5.846	IVNS1ABP-S322	-2.99937	-2.013	18.128818
αCD3_αCD226_5min	LARP1	3	LARP1-S1056	11.021443000000001	5.519	LARP1-T1071	-7.012259999999999	-4.302	18.033703
αCD3_αCD226_5min	GMIP	3	GMIP-T660	12.523068	3.858	GMIP-S914	-5.161524	-1.858	17.684592000000002
αCD3_αCD226_5min	GIT1	3	GIT1-S592	9.504605	3.245	GIT1-S388	-8.175024	-3.176	17.679629
αCD3_αCD226_5min	RAPGEF1	3	RAPGEF1-S371	12.867647999999999	5.568	RAPGEF1-Y478	-3.6276359999999994	-2.404	16.495283999999998
αCD3_αCD226_5min	ARHGAP17	2	ARHGAP17-S808	11.070048	3.812	ARHGAP17-S676	-3.88048	-3.16	14.950528
αCD3_αCD226_5min	SMARCA4	3	SMARCA4-S1417	9.670724	3.983	SMARCA4-S1382	-4.825184	-3.314	14.495908
αCD3_αCD226_5min	WDR44	2	WDR44-S262	10.934469000000002	4.977	WDR44-T219	-3.1781200000000003	-2.563	14.112589000000002
αCD3_αCD226_5min	TRIP12	3	TRIP12-S1248	9.658987999999999	3.082	TRIP12-S1427	-4.304664	-4.088	13.963652
αCD3_αCD226_5min	TOR1AIP1	3	TOR1AIP1-S135	5.514546000000001	2.229	TOR1AIP1-S157	-8.25877	-2.626	13.773316000000001
αCD3_αCD226_5min	GBF1	3	GBF1-S1784	6.6543399999999995	3.278	GBF1-Y1305	-6.956992	-2.344	13.611331999999999
αCD3_αCD226_5min	NFATC2	6	NFATC2-S225	9.18816	4.08	NFATC2-S217	-4.383576000000001	-2.568	13.571736000000001
αCD3_αCD226_5min	SH3GL1	3	SH3GL1-S291	8.106777000000001	3.717	SH3GL1-S288	-5.271994	-4.886	13.378771
αCD3_αCD226_5min	PCNT	4	PCNT-S44	11.048055999999999	3.412	PCNT-T2362	-2.20056	-1.384	13.248615999999998
αCD3_αCD226_5min	THOC2	2	THOC2-S1419	7.412288	3.926	THOC2-T1289	-5.586412	-4.054	12.9987
αCD3_αCD226_5min	LARP4B	2	LARP4B-S498	4.08702	1.036	LARP4B-T732	-8.74806	-3.455	12.835080000000001
αCD3_αCD226_5min	ATAD2	7	ATAD2-S342	9.049707000000001	3.879	ATAD2-S61	-3.6163800000000004	-3.258	12.666087000000001
αCD3_αCD226_5min	TMIGD2	2	TMIGD2-S266	5.182212	2.261	TMIGD2-S262	-7.387921999999999	-3.002	12.570134
αCD3_αCD226_5min	VGLL4	2	VGLL4-S59	7.69506	2.778	VGLL4-S54	-4.40596	-3.848	12.10102
αCD3_αCD226_5min	MAP4K4	3	MAP4K4-S639	5.943936	1.472	MAP4K4-S631	-5.230719	-3.439	11.174655
αCD3_αCD226_5min	ZNF609	4	ZNF609-S467	2.3322849999999997	1.271	ZNF609-S849	-8.550348	-3.964	10.882632999999998
αCD3_αCD226_5min	CRYBG1	4	CRYBG1-S725	5.551416	2.636	CRYBG1-S915	-5.330121999999999	-2.779	10.881537999999999
αCD3_αCD226_5min	PLEC	3	PLEC-S1732	7.462122	2.833	PLEC-S4613	-3.0022439999999997	-2.884	10.464366
αCD3_αCD226_5min	CDCA2	5	CDCA2-S1000	7.620641	3.767	CDCA2-S98	-2.84214	-2.345	10.462781
αCD3_αCD226_5min	SYMPK	2	SYMPK-S494	5.139665	2.605	SYMPK-S1171	-4.616775	-3.621	9.75644
αCD3_αCD226_5min	RECQL4	2	RECQL4-S27	5.503883999999999	2.722	RECQL4-S323	-3.843111	-3.629	9.346995
αCD3_αCD226_5min	RNF31	2	RNF31-S466	3.6361710000000005	1.749	RNF31-S437	-5.339824	-3.892	8.975995000000001
αCD3_αCD226_5min	GATAD2B	2	GATAD2B-S227	5.5821000000000005	1.725	GATAD2B-S129	-3.327906	-1.487	8.910006000000001
αCD3_αCD226_5min	CD2AP	3	CD2AP-Y541	2.2110700000000003	3.482	CD2AP-S458	-5.593643999999999	-3.171	7.804714
αCD3_αCD226_5min	NAP1L4	4	NAP1L4-S5	3.080957	1.903	NAP1L4-S7	-3.540456	-1.772	6.621413
αCD3_αCD226_5min	EIF4G3	3	EIF4G3-S1156	2.539812	3.124	EIF4G3-S495	-2.239776	-1.584	4.779588
αCD3_αCD226_5min	TBC1D10B	3	TBC1D10B-T150	2.229123	2.811	TBC1D10B-S132	-2.3425200000000004	-2.169	4.571643
αCD3_αCD2_10min	MKI67	14	MKI67-T1167	61.579905999999994	8.258	MKI67-T347	-17.539517000000004	-4.033	79.119423
αCD3_αCD2_10min	PCM1	2	PCM1-S1283	11.377611	4.881	PCM1-T77	-48.544476	-6.134	59.922087000000005
αCD3_αCD2_10min	ACIN1	3	ACIN1-S400	44.739053999999996	5.778	ACIN1-T682	-6.254569999999999	-3.143	50.993624
αCD3_αCD2_10min	PBRM1	2	PBRM1-S948	17.58672	6.21	PBRM1-S13	-33.25406	-6.865	50.84078
αCD3_αCD2_10min	PTDSS1	3	PTDSS1-S425	42.771752000000006	6.206	PTDSS1-S442	-2.747	-2.68	45.518752000000006
αCD3_αCD2_10min	EMD	9	EMD-S120	36.01381	5.614	EMD-S171	-6.167840999999999	-4.899	42.181651
αCD3_αCD2_10min	MAP4K4	3	MAP4K4-S639	9.292241	1.811	MAP4K4-S631	-31.666833999999994	-3.397	40.959075
αCD3_αCD2_10min	BOD1L1	5	BOD1L1-S800	37.416682	5.042	BOD1L1-S2986	-2.43183	-1.574	39.848512
αCD3_αCD2_10min	SRRM1	8	SRRM1-S234	8.549964	3.246	SRRM1-S429	-29.74904	-6.172	38.299004
αCD3_αCD2_10min	ARHGAP35	5	ARHGAP35-S589	18.794742	6.882	ARHGAP35-Y1105	-19.189405	-3.217	37.984147
αCD3_αCD2_10min	SPEN	2	SPEN-S623	26.934200999999998	4.963	SPEN-S1392	-10.754186	-4.553	37.688387
αCD3_αCD2_10min	AKAP13	7	AKAP13-S1683	27.899273	5.179	AKAP13-S2567	-8.543838000000001	-3.873	36.443111
αCD3_αCD2_10min	CBLL1	3	CBLL1-S290	33.37928	7.304	CBLL1-T294	-2.736504	-2.952	36.115784000000005
αCD3_αCD2_10min	CD2AP	3	CD2AP-S80	26.257196000000004	4.613	CD2AP-S458	-9.703788	-3.602	35.960984
αCD3_αCD2_10min	IWS1	7	IWS1-S720	29.513071	6.049	IWS1-S300	-4.588824	-2.908	34.101895
αCD3_αCD2_10min	MAP3K7	3	MAP3K7-S367	20.468700000000002	4.788	MAP3K7-S454	-12.456528	-5.943	32.925228000000004
αCD3_αCD2_10min	RCSD1	5	RCSD1-S127	24.94818	5.58	RCSD1-S116	-6.37686	-2.41	31.32504
αCD3_αCD2_10min	GTSE1	3	GTSE1-S477	23.612910000000003	5.259	GTSE1-S575	-6.854757	-2.743	30.467667000000002
αCD3_αCD2_10min	GPRIN3	2	GPRIN3-S519	25.674389999999995	4.419	GPRIN3-T581	-4.19616	-2.976	29.870549999999994
αCD3_αCD2_10min	ARHGAP30	3	ARHGAP30-T1020	16.495348999999997	4.717	ARHGAP30-S1086	-13.185543	-2.751	29.680891999999997
αCD3_αCD2_10min	CCDC88B	4	CCDC88B-S1380	15.487374	4.578	CCDC88B-S1408	-13.841828999999999	-6.063	29.329203
αCD3_αCD2_10min	AHNAK	5	AHNAK-S135	12.281343999999999	2.656	AHNAK-S5782	-16.850952	-5.094	29.132295999999997
αCD3_αCD2_10min	SMARCD2	2	SMARCD2-T217	19.139416999999998	4.741	SMARCD2-Y197	-9.090340999999999	-4.693	28.229757999999997
αCD3_αCD2_10min	LARP1	3	LARP1-T376	11.68386	2.109	LARP1-T1071	-15.83046	-5.674	27.514319999999998
αCD3_αCD2_10min	LRRFIP1	4	LRRFIP1-S766	23.463405	6.615	LRRFIP1-S638	-3.371544	-2.904	26.834949
αCD3_αCD2_10min	BCL11B	3	BCL11B-S169	15.93786	4.91	BCL11B-S772	-10.480655999999998	-4.656	26.418515999999997
αCD3_αCD2_10min	BORA	4	BORA-S239	16.11984	3.44	BORA-S190	-10.166862	-3.838	26.286702
αCD3_αCD2_10min	SEPTIN6	2	SEPTIN6-S388	18.23411	3.61	SEPTIN6-T418	-5.093118	-1.899	23.327228
αCD3_αCD2_10min	RAPGEF1	3	RAPGEF1-S371	12.283367	5.491	RAPGEF1-Y478	-10.800459	-3.807	23.083826000000002
αCD3_αCD2_10min	FYB1	4	FYB1-S205	13.628467999999998	4.486	FYB1-Y571	-9.31756	-3.745	22.946028
αCD3_αCD2_10min	DTL	3	DTL-S717	4.82448	1.84	DTL-S488	-17.785047	-8.731	22.609527
αCD3_αCD2_10min	TMPO	5	TMPO-S312	6.7423020000000005	2.698	TMPO-T251	-15.758946	-7.602	22.501248
αCD3_αCD2_10min	SRRM2	27	SRRM2-S1132	15.278760000000002	7.224	SRRM2-S1439	-6.808698000000001	-4.293	22.087458
αCD3_αCD2_10min	CLIP1	3	CLIP1-S348	18.022349999999996	6.85	CLIP1-S195	-3.665154	-1.927	21.687503999999997
αCD3_αCD2_10min	MIDEAS	2	MIDEAS-Y630	5.8060659999999995	3.206	MIDEAS-Y624	-15.311790000000002	-4.485	21.117856000000003
αCD3_αCD2_10min	MYCBP2	5	MYCBP2-S2871	16.893828	7.686	MYCBP2-T2683	-4.085752	-3.202	20.97958
αCD3_αCD2_10min	BCL9L	4	BCL9L-S118	8.174106	3.898	BCL9L-S987	-12.44766	-5.795	20.621766
αCD3_αCD2_10min	MORC2	4	MORC2-S739	8.505880000000001	2.524	MORC2-S730	-12.049817999999998	-2.409	20.555698
αCD3_αCD2_10min	EPB41	4	EPB41-S521	11.766572	3.583	EPB41-T195	-8.681764	-2.074	20.448335999999998
αCD3_αCD2_10min	OSBPL8	2	OSBPL8-S68	11.357304	5.628	OSBPL8-S63	-8.747860000000001	-4.678	20.105164000000002
αCD3_αCD2_10min	ARHGAP11A	3	ARHGAP11A-S847	16.760621999999998	3.786	ARHGAP11A-T323	-2.068716	-1.788	18.829338
αCD3_αCD2_10min	EML4	2	EML4-S94	15.305150000000001	6.247	EML4-S138	-3.45377	-2.521	18.75892
αCD3_αCD2_10min	CHAMP1	6	CHAMP1-S376	10.962966	5.327	CHAMP1-S282	-7.728336	-2.618	18.691302
αCD3_αCD2_10min	RBL2	6	RBL2-S672	13.692455000000002	5.839	RBL2-S1110	-4.666256000000001	-1.708	18.358711000000003
αCD3_αCD2_10min	MAST2	2	MAST2-S931	5.112576000000001	2.853	MAST2-S876	-13.086047	-4.381	18.198623
αCD3_αCD2_10min	PCNT	4	PCNT-S44	10.608856000000001	3.208	PCNT-T2362	-7.355149999999999	-3.421	17.964006
αCD3_αCD2_10min	WDR44	2	WDR44-S262	9.4794	4.44	WDR44-T219	-8.453745999999999	-3.647	17.933146
αCD3_αCD2_10min	RANBP2	6	RANBP2-T1144	9.022104	3.402	RANBP2-S1400	-8.891272	-5.564	17.913376
αCD3_αCD2_10min	DDX20	3	DDX20-S678	12.625508	3.374	DDX20-S714	-5.206188	-3.588	17.831696
αCD3_αCD2_10min	ARHGEF6	4	ARHGEF6-S561	12.882726	5.058	ARHGEF6-S150	-4.722912	-2.139	17.605638
αCD3_αCD2_10min	ABLIM1	3	ABLIM1-Y461	5.560707000000001	2.559	ABLIM1-S655	-11.811206	-5.654	17.371913
αCD3_αCD2_10min	DOCK2	3	DOCK2-T1797	7.17292	4.12	DOCK2-S1706	-9.81704	-3.362	16.98996
αCD3_αCD2_10min	PRRC2A	6	PRRC2A-S166	13.857151000000002	3.619	PRRC2A-T1087	-2.877654	-3.081	16.734805
αCD3_αCD2_10min	RAPGEF6	3	RAPGEF6-S1427	6.995856999999999	3.401	RAPGEF6-S1237	-9.200952	-4.733	16.196809
αCD3_αCD2_10min	GBF1	3	GBF1-S1784	6.479705	3.235	GBF1-Y1305	-9.70398	-2.871	16.183685
αCD3_αCD2_10min	ZNF609	4	ZNF609-S467	6.78416	1.945	ZNF609-S849	-9.347877	-4.059	16.132037
αCD3_αCD2_10min	EP300	3	EP300-S12	13.577330000000002	4.615	EP300-S1726	-2.332296	-2.234	15.909626000000001
αCD3_αCD2_10min	DIDO1	2	DIDO1-S1017	8.347696	4.088	DIDO1-S862	-7.122368000000001	-3.322	15.470064
αCD3_αCD2_10min	RBL1	2	RBL1-S640	11.03719	4.595	RBL1-S1037	-4.32003	-1.59	15.357220000000002
αCD3_αCD2_10min	NCOA2	2	NCOA2-S771	9.839400000000001	4.65	NCOA2-S2	-5.42795	-3.475	15.26735
αCD3_αCD2_10min	CDCA2	5	CDCA2-S210	8.579785000000001	3.205	CDCA2-S120	-6.50916	-3.528	15.088945
αCD3_αCD2_10min	MAP3K1	2	MAP3K1-S1043	8.037525	3.457	MAP3K1-S1018	-6.302312000000001	-5.128	14.339837000000001
αCD3_αCD2_10min	ZBTB21	4	ZBTB21-S411	11.84707	2.711	ZBTB21-S422	-2.32678	-1.835	14.17385
αCD3_αCD2_10min	GIT1	3	GIT1-S592	11.226392	3.404	GIT1-S388	-2.7551880000000004	-2.619	13.981580000000001
αCD3_αCD2_10min	NFATC2	6	NFATC2-S268	10.926174000000001	3.293	NFATC2-S217	-2.9270079999999994	-2.336	13.853182
αCD3_αCD2_10min	MAP7D1	5	MAP7D1-S280	8.87685	4.278	MAP7D1-S116	-4.570146	-3.059	13.446995999999999
αCD3_αCD2_10min	MED1	4	MED1-S588	8.526420000000002	4.69	MED1-S1463	-4.313022	-2.991	12.839442000000002
αCD3_αCD2_10min	KNL1	3	KNL1-S1076	3.099052	1.348	KNL1-S32	-9.467566000000001	-4.331	12.566618000000002
αCD3_αCD2_10min	HUWE1	2	HUWE1-T1905	7.698011999999999	3.164	HUWE1-S3802	-4.83425	-3.05	12.532262
αCD3_αCD2_10min	STAU2	2	STAU2-T488	5.485698	3.277	STAU2-T405	-7.026395999999999	-3.796	12.512094
αCD3_αCD2_10min	EIF4ENIF1	2	EIF4ENIF1-T769	8.72822	4.46	EIF4ENIF1-S78	-3.284047	-3.653	12.012267000000001
αCD3_αCD2_10min	CRYBG1	4	CRYBG1-S725	3.70746	2.58	CRYBG1-S915	-8.05924	-3.766	11.7667
αCD3_αCD2_10min	CARHSP1	3	CARHSP1-S32	5.968324	1.543	CARHSP1-S17	-5.509530000000001	-4.155	11.477854
αCD3_αCD2_10min	GATAD2B	2	GATAD2B-S227	7.4610199999999995	1.945	GATAD2B-S129	-3.890546	-1.987	11.351566
αCD3_αCD2_10min	RFC1	4	RFC1-Y67	7.59238	3.854	RFC1-S281	-2.996	-2.996	10.58838
αCD3_αCD2_10min	ARID1A	4	ARID1A-S1184	3.3257600000000003	1.094	ARID1A-T1599	-6.790752	-4.896	10.116512
αCD3_αCD2_10min	OSBPL3	2	OSBPL3-S374	4.909058	1.757	OSBPL3-S265	-4.609731	-3.007	9.518789
αCD3_αCD2_10min	UTP18	2	UTP18-T204	5.026699999999999	3.34	UTP18-S124	-4.335147	-2.763	9.361847
αCD3_αCD2_10min	BSG	3	BSG-S367	2.24315	2.975	BSG-T237	-7.00128	-3.168	9.244430000000001
αCD3_αCD2_10min	RECQL4	2	RECQL4-S27	4.584895999999999	2.272	RECQL4-S323	-4.62583	-3.823	9.210725999999998
αCD3_αCD2_10min	LARP4B	2	LARP4B-S498	4.230513	1.113	LARP4B-T732	-4.77522	-2.868	9.005733
αCD3_αCD2_10min	CD247	2	CD247-S146	6.407505	3.651	CD247-Y142	-2.40012	-2.26	8.807625
αCD3_αCD2_10min	TRPM7	2	TRPM7-S907	6.196125	3.075	TRPM7-S1404	-2.47299	-2.238	8.669115
αCD3_αCD2_10min	CARD11	5	CARD11-S448	4.746555	1.935	CARD11-S925	-2.688681	-2.073	7.435236
αCD3_αCD2_10min	MYO9B	3	MYO9B-S1972	3.277592	1.516	MYO9B-S1115	-2.6487540000000003	-1.086	5.926346000000001
αCD3_αCD2_10min	SF3B1	3	SF3B1-T267	3.2750079999999997	1.408	SF3B1-T328	-2.436786	-1.191	5.711793999999999
αCD3_αCD2_10min	NAP1L4	4	NAP1L4-S5	2.7437139999999998	1.402	NAP1L4-S12	-2.289612	-1.014	5.033326
αCD3_αCD2_5min	CBLL1	3	CBLL1-S290	84.03931600000001	10.067	CBLL1-T294	-11.508825	-4.435	95.54814100000002
αCD3_αCD2_5min	EMD	9	EMD-S120	30.298557999999996	7.109	EMD-S171	-42.515368	-8.092	72.813926
αCD3_αCD2_5min	POLR2A	4	POLR2A-S1864	50.907367	7.259	POLR2A-Y1853	-6.09828	-2.855	57.005647
αCD3_αCD2_5min	ACIN1	3	ACIN1-S400	48.904494	6.702	ACIN1-T254	-6.990912000000001	-2.748	55.895406
αCD3_αCD2_5min	CARD11	5	CARD11-S448	4.261356	2.532	CARD11-S512	-49.083135	-9.183	53.344491
αCD3_αCD2_5min	BOD1L1	5	BOD1L1-S800	47.145549	5.961	BOD1L1-S2986	-4.702386	-2.166	51.847935
αCD3_αCD2_5min	EP300	3	EP300-S12	16.679606999999997	5.201	EP300-S1726	-32.795799	-3.999	49.475406
αCD3_αCD2_5min	SRRM2	27	SRRM2-S1110	27.841968	7.128	SRRM2-S1984	-17.889120000000002	-7.272	45.731088
αCD3_αCD2_5min	IWS1	7	IWS1-S720	33.281136	6.576	IWS1-S300	-10.634832	-3.933	43.91596799999999
αCD3_αCD2_5min	ARHGAP35	5	ARHGAP35-S589	38.568836000000005	7.564	ARHGAP35-S985	-3.3705740000000004	-2.362	41.93941
αCD3_αCD2_5min	LIMK1	3	LIMK1-S302	26.85696	5.38	LIMK1-S310	-14.956799999999998	-4.56	41.81376
αCD3_αCD2_5min	SPEN	2	SPEN-S623	18.206625	5.165	SPEN-S1392	-23.09142	-5.93	41.298045
αCD3_αCD2_5min	DBNL	5	DBNL-T291	25.25393	4.918	DBNL-S253	-13.889456	-4.066	39.143386
αCD3_αCD2_5min	CD2AP	3	CD2AP-S80	32.178751999999996	4.699	CD2AP-S458	-6.695107999999999	-2.198	38.87385999999999
αCD3_αCD2_5min	BRAF	2	BRAF-S447	25.345107000000002	5.871	BRAF-S419	-12.60747	-1.973	37.952577000000005
αCD3_αCD2_5min	RAPGEF6	3	RAPGEF6-S1070	27.923303999999998	5.374	RAPGEF6-S1237	-9.201972	-4.758	37.125276
αCD3_αCD2_5min	ZNF609	4	ZNF609-S1055	27.320614999999997	4.403	ZNF609-S849	-6.5471070000000005	-3.503	33.867722
αCD3_αCD2_5min	ETS1	3	ETS1-S282	23.373768000000002	7.482	ETS1-S273	-9.9324	-3.72	33.306168
αCD3_αCD2_5min	RNF31	2	RNF31-S466	4.31752	1.861	RNF31-S437	-28.288224	-6.264	32.605744
αCD3_αCD2_5min	NFATC2	6	NFATC2-S225	10.423193	4.411	NFATC2-S217	-22.090692	-6.682	32.513885
αCD3_αCD2_5min	EPB41	4	EPB41-S521	16.810068	3.817	EPB41-S712	-15.456987	-6.291	32.267055
αCD3_αCD2_5min	MKI67	14	MKI67-S3249	19.79264	5.264	MKI67-Y1737	-11.965806000000002	-4.698	31.758446
αCD3_αCD2_5min	AHNAK	5	AHNAK-T5845	21.213804	4.332	AHNAK-S5782	-10.25178	-4.755	31.465584
αCD3_αCD2_5min	MED1	4	MED1-S588	14.243616000000003	5.206	MED1-S1463	-17.117082	-4.239	31.360698000000003
αCD3_αCD2_5min	TAGAP	2	TAGAP-Y376	22.624104	4.856	TAGAP-S661	-8.58372	-3.495	31.207824
αCD3_αCD2_5min	CCDC88B	4	CCDC88B-S1380	16.177152	5.266	CCDC88B-S1348	-14.960694000000002	-7.266	31.137846000000003
αCD3_αCD2_5min	PEX16	2	PEX16-S183	15.827421999999999	4.526	PEX16-S158	-15.221331	-5.211	31.048752999999998
αCD3_αCD2_5min	ZNF592	2	ZNF592-S348	21.00093	5.858	ZNF592-S1264	-8.888796	-5.039	29.889726
αCD3_αCD2_5min	GMIP	3	GMIP-T660	26.400112	4.168	GMIP-S914	-3.388656	-1.866	29.788768
αCD3_αCD2_5min	CARHSP1	3	CARHSP1-S30	12.44022	2.665	CARHSP1-S17	-16.472752999999997	-5.111	28.912972999999997
αCD3_αCD2_5min	NCOA2	2	NCOA2-S771	14.373076	5.812	NCOA2-S2	-14.273556000000001	-4.569	28.646632
αCD3_αCD2_5min	MYCBP2	5	MYCBP2-S2871	21.963279	7.251	MYCBP2-T2683	-6.269785000000001	-3.593	28.233064
αCD3_αCD2_5min	ZBTB21	4	ZBTB21-T1005	23.89744	5.32	ZBTB21-S422	-3.800508	-1.943	27.697948
αCD3_αCD2_5min	RASAL3	14	RASAL3-S857	16.340992	6.464	RASAL3-S785	-11.19937	-5.558	27.540362000000002
αCD3_αCD2_5min	GPRIN3	2	GPRIN3-S519	8.343971999999999	4.212	GPRIN3-T581	-19.156280000000002	-5.122	27.500252000000003
αCD3_αCD2_5min	ATXN2L	3	ATXN2L-S335	11.677866	3.034	ATXN2L-S341	-14.035188	-5.204	25.713054
αCD3_αCD2_5min	PBRM1	2	PBRM1-S948	15.861992	5.464	PBRM1-S13	-9.692089999999999	-5.51	25.554082
αCD3_αCD2_5min	EIF4G3	3	EIF4G3-S1157	14.146688000000001	5.056	EIF4G3-S495	-11.385525	-4.425	25.532213
αCD3_αCD2_5min	NUP214	2	NUP214-S657	17.840652000000002	5.836	NUP214-S433	-7.673068000000001	-3.599	25.513720000000003
αCD3_αCD2_5min	HAUS6	2	HAUS6-T858	20.22943	3.965	HAUS6-S660	-5.089088	-2.428	25.318518
αCD3_αCD2_5min	STK10	5	STK10-S13	11.076894	2.703	STK10-S514	-13.959384	-5.647	25.036278
αCD3_αCD2_5min	RCSD1	5	RCSD1-T124	16.579251	6.161	RCSD1-S116	-8.208518	-3.802	24.787768999999997
αCD3_αCD2_5min	RICTOR	3	RICTOR-S1284	21.652386000000003	8.582	RICTOR-S1388	-2.5303080000000002	-1.322	24.182694000000005
αCD3_αCD2_5min	TRIM28	3	TRIM28-S437	10.908582000000001	5.298	TRIM28-S471	-13.208095	-4.945	24.116677000000003
αCD3_αCD2_5min	RAPGEF1	3	RAPGEF1-S371	14.0244	5.8	RAPGEF1-Y478	-10.009068	-3.884	24.033468
αCD3_αCD2_5min	RAB11FIP1	2	RAB11FIP1-S389	5.347524	2.158	RAB11FIP1-S345	-18.63938	-5.149	23.986904
αCD3_αCD2_5min	TRPM7	2	TRPM7-S907	17.856216	6.986	TRPM7-S1404	-5.134833	-3.051	22.991049
αCD3_αCD2_5min	BCL9L	4	BCL9L-S118	10.87122	4.43	BCL9L-T989	-11.507717	-5.941	22.378937
αCD3_αCD2_5min	SH2D3C	2	SH2D3C-S447	15.8031	5.853	SH2D3C-S339	-6.56196	-3.576	22.36506
αCD3_αCD2_5min	DTL	3	DTL-S717	5.9655	2.05	DTL-S488	-16.040805	-7.255	22.006304999999998
αCD3_αCD2_5min	LARP1	3	LARP1-S1056	12.253163999999998	5.874	LARP1-T1071	-9.627477999999998	-4.669	21.880641999999995
αCD3_αCD2_5min	LRRFIP1	4	LRRFIP1-S766	18.75984	7.106	LRRFIP1-S638	-2.80924	-2.765	21.56908
αCD3_αCD2_5min	STAU2	2	STAU2-T488	4.441669	2.987	STAU2-T405	-16.728392	-4.846	21.170061
αCD3_αCD2_5min	MDC1	3	MDC1-S485	12.47883	3.918	MDC1-T455	-8.476224	-4.044	20.955054
αCD3_αCD2_5min	EML4	2	EML4-S94	18.195349999999998	6.802	EML4-S138	-2.658481	-2.419	20.853831
αCD3_αCD2_5min	CHAMP1	6	CHAMP1-S319	14.222779999999998	4.973	CHAMP1-S282	-6.398299	-2.479	20.621078999999998
αCD3_αCD2_5min	PEAK1	2	PEAK1-S826	10.186659999999998	4.18	PEAK1-S1036	-10.274346000000001	-4.626	20.461005999999998
αCD3_αCD2_5min	ARHGAP30	3	ARHGAP30-T1020	13.486011000000001	5.173	ARHGAP30-S1086	-6.700089999999999	-2.186	20.186101
αCD3_αCD2_5min	PCM1	2	PCM1-S1283	14.521203	5.679	PCM1-T77	-5.631615	-4.037	20.152818
αCD3_αCD2_5min	PTDSS1	3	PTDSS1-S11	7.765056	3.536	PTDSS1-S442	-12.064736	-5.792	19.829792
αCD3_αCD2_5min	PLEC	3	PLEC-S1732	11.64127	3.31	PLEC-S4613	-7.985784000000001	-4.232	19.627054
αCD3_αCD2_5min	DDX20	3	DDX20-S678	8.556372	2.788	DDX20-S714	-10.89609	-4.143	19.452461999999997
αCD3_αCD2_5min	PCNT	4	PCNT-S44	13.006524	4.062	PCNT-T2362	-6.396684	-3.372	19.403208
αCD3_αCD2_5min	EIF4ENIF1	2	EIF4ENIF1-T769	9.703188	4.708	EIF4ENIF1-S78	-8.7549	-5.306	18.458088
αCD3_αCD2_5min	RANBP2	6	RANBP2-T1144	9.683064	3.672	RANBP2-S1400	-8.608049999999999	-5.55	18.291114
αCD3_αCD2_5min	RBL2	6	RBL2-S1112	8.899314999999998	2.147	RBL2-S1082	-8.948016	-4.304	17.847330999999997
αCD3_αCD2_5min	UTP18	2	UTP18-T204	10.472799	4.947	UTP18-S124	-7.2338759999999995	-3.393	17.706675
αCD3_αCD2_5min	TMPO	5	TMPO-S360	14.7117	6.675	TMPO-S224	-2.722728	-2.767	17.434428
αCD3_αCD2_5min	CRYBG1	4	CRYBG1-S16	11.975172	3.883	CRYBG1-S915	-5.458263	-3.089	17.433435
αCD3_αCD2_5min	GBF1	3	GBF1-S1784	7.894966	3.574	GBF1-Y1305	-9.358864	-2.623	17.25383
αCD3_αCD2_5min	ARID1A	4	ARID1A-S1184	7.53053	1.79	ARID1A-Y762	-9.641684	-4.724	17.172214
αCD3_αCD2_5min	ERC1	2	ERC1-S807	12.609727999999999	4.672	ERC1-S21	-4.267456	-2.036	16.877184
αCD3_αCD2_5min	ARHGEF6	4	ARHGEF6-S640	6.9414299999999995	2.538	ARHGEF6-S150	-8.975678	-4.078	15.917107999999999
αCD3_αCD2_5min	MCM4	3	MCM4-S26	8.855329999999999	3.61	MCM4-T19	-6.64563	-4.978	15.50096
αCD3_αCD2_5min	MAP7D1	5	MAP7D1-S442	4.890816	2.426	MAP7D1-S116	-10.211534	-3.902	15.102350000000001
αCD3_αCD2_5min	OSBPL3	2	OSBPL3-S374	5.096464	1.828	OSBPL3-S265	-9.853876999999999	-3.751	14.950340999999998
αCD3_αCD2_5min	ELF1	2	ELF1-Y160	10.48194	3.54	ELF1-S187	-4.344352	-3.112	14.826291999999999
αCD3_αCD2_5min	LARP4B	2	LARP4B-S498	7.638307	1.643	LARP4B-T732	-7.073640000000001	-3.208	14.711947000000002
αCD3_αCD2_5min	KNL1	3	KNL1-S1076	4.529696	1.604	KNL1-S32	-9.379910999999998	-4.377	13.909606999999998
αCD3_αCD2_5min	MYO9B	3	MYO9B-S1972	2.39616	1.28	MYO9B-S722	-10.387728000000001	-4.654	12.783888000000001
αCD3_αCD2_5min	SYMPK	2	SYMPK-S494	8.514739	3.317	SYMPK-S1171	-4.262384000000001	-2.128	12.777123000000001
αCD3_αCD2_5min	TOR1AIP1	3	TOR1AIP1-S135	8.020387999999999	3.022	TOR1AIP1-S157	-4.677924	-1.994	12.698311999999998
αCD3_αCD2_5min	ATAD2	7	ATAD2-S342	9.761312	3.872	ATAD2-S1151	-2.5713999999999997	-2.392	12.332712
αCD3_αCD2_5min	CDK12	2	CDK12-S1053	6.7774	3.29	CDK12-T514	-5.1479550000000005	-2.007	11.925355
αCD3_αCD2_5min	RFC1	4	RFC1-Y67	8.078401	3.667	RFC1-S281	-3.298944	-3.124	11.377345
αCD3_αCD2_5min	MIDEAS	2	MIDEAS-Y630	8.348446	3.722	MIDEAS-Y624	-2.9048720000000006	-2.636	11.253318
αCD3_αCD2_5min	APOBR	2	APOBR-S175	3.030792	1.724	APOBR-T572	-7.851168	-4.194	10.88196
αCD3_αCD2_5min	TP53BP1	3	TP53BP1-S809	6.360354	3.003	TP53BP1-S1430	-2.971599	-2.699	9.331953
αCD3_αCD2_5min	NAP1L4	4	NAP1L4-S5	2.48625	1.625	NAP1L4-S7	-2.81793	-2.291	5.304180000000001
αCD3_αCD2_5min	KMT2A	2	KMT2A-S2196	2.125002	2.927	KMT2A-S1837	-2.894765	-2.515	5.019767
αCD3_αICOS_10min	ABLIM1	3	ABLIM1-S455	37.708048000000005	5.488	ABLIM1-S655	-12.515742	-5.653	50.22379000000001
αCD3_αICOS_10min	NUP214	2	NUP214-S657	40.867312	6.067	NUP214-S433	-6.2871310000000005	-4.327	47.154443
αCD3_αICOS_10min	CBLL1	3	CBLL1-S290	20.121076	6.157	CBLL1-T294	-22.478417999999998	-4.923	42.59949399999999
αCD3_αICOS_10min	POM121C	2	POM121C-S81	31.34555	4.85	POM121C-S415	-10.224537999999999	-4.798	41.570088
αCD3_αICOS_10min	IWS1	7	IWS1-S720	37.368733000000006	5.713	IWS1-S300	-3.86973	-2.79	41.238463
αCD3_αICOS_10min	BRAP	3	BRAP-S93	32.095976	5.137	BRAP-Y389	-2.38119	-1.785	34.477166
αCD3_αICOS_10min	RB1	5	RB1-S794	25.871076	5.236	RB1-S795	-7.580215	-5.899	33.451291
αCD3_αICOS_10min	SPEN	2	SPEN-S623	20.701379999999997	4.83	SPEN-S1392	-11.431593000000001	-4.687	32.132973
αCD3_αICOS_10min	WDR62	4	WDR62-T50	7.20662	3.86	WDR62-S1348	-23.38182	-4.62	30.588440000000002
αCD3_αICOS_10min	CLIP1	3	CLIP1-S310	22.694252000000002	3.892	CLIP1-S195	-6.569984000000001	-2.048	29.264236000000004
αCD3_αICOS_10min	GIT1	3	GIT1-S571	22.670154	4.446	GIT1-S388	-6.194527999999999	-3.088	28.864682
αCD3_αICOS_10min	JUNB	3	JUNB-S259	15.429843000000002	2.717	JUNB-S251	-11.179735	-3.115	26.609578000000003
αCD3_αICOS_10min	PRKAA1	2	PRKAA1-S397	16.11816	4.78	PRKAA1-T488	-9.914523	-5.339	26.032683
αCD3_αICOS_10min	SRRM2	27	SRRM2-S2426	17.443020999999998	5.297	SRRM2-S295	-8.440468	-2.246	25.883488999999997
αCD3_αICOS_10min	EPB41	4	EPB41-S521	10.22559	3.639	EPB41-S712	-15.091899	-6.203	25.317489000000002
αCD3_αICOS_10min	BCL9L	4	BCL9L-S118	18.130297000000002	5.123	BCL9L-S88	-7.131637	-4.273	25.261934000000004
αCD3_αICOS_10min	MED1	4	MED1-S588	10.200679999999998	4.286	MED1-S1463	-14.622064	-4.558	24.822744
αCD3_αICOS_10min	ARHGAP30	3	ARHGAP30-T1020	20.457413999999996	4.826	ARHGAP30-S1086	-4.073034	-1.554	24.530447999999996
αCD3_αICOS_10min	MKI67	14	MKI67-S3249	17.269163	4.651	MKI67-T347	-6.902208	-3.126	24.171371
αCD3_αICOS_10min	SMARCA4	3	SMARCA4-T1384	9.935314	3.782	SMARCA4-S1382	-14.190338	-5.162	24.125652000000002
αCD3_αICOS_10min	GMIP	3	GMIP-T660	22.00143	3.993	GMIP-S234	-2.085216	-1.712	24.086646
αCD3_αICOS_10min	PCM1	2	PCM1-S1283	9.57647	4.405	PCM1-T77	-14.201694	-5.343	23.778164
αCD3_αICOS_10min	RCSD1	5	RCSD1-S127	17.11776	5.28	RCSD1-S116	-6.102015	-2.645	23.219775
αCD3_αICOS_10min	GPRIN3	2	GPRIN3-S519	14.518676	5.326	GPRIN3-T581	-8.441223	-3.787	22.959899
αCD3_αICOS_10min	EML4	2	EML4-S94	12.807444	5.811	EML4-S138	-9.230808	-3.918	22.038252
αCD3_αICOS_10min	AHNAK	5	AHNAK-S5737	16.53522	3.354	AHNAK-S5782	-5.164302	-3.718	21.699521999999998
αCD3_αICOS_10min	GTF3C1	2	GTF3C1-S1073	18.457082	5.242	GTF3C1-S1068	-3.0913200000000005	-2.79	21.548402
αCD3_αICOS_10min	SRRM1	8	SRRM1-S775	14.138238999999999	2.843	SRRM1-S530	-6.699935999999999	-5.528	20.838175
αCD3_αICOS_10min	CCDC88B	4	CCDC88B-S1380	6.878256	3.696	CCDC88B-S1408	-13.72359	-6.035	20.601846000000002
αCD3_αICOS_10min	SEPTIN6	2	SEPTIN6-S388	17.050425	3.455	SEPTIN6-T418	-3.4111920000000002	-1.597	20.461617
αCD3_αICOS_10min	OSBPL8	2	OSBPL8-S68	11.06338	5.54	OSBPL8-S63	-9.276039	-4.779	20.339419
αCD3_αICOS_10min	SLC2A1	3	SLC2A1-S226	15.251812000000001	4.001	SLC2A1-T238	-5.006247999999999	-3.848	20.25806
αCD3_αICOS_10min	CHAMP1	6	CHAMP1-S436	14.43663	2.106	CHAMP1-S282	-5.722722	-1.803	20.159352
αCD3_αICOS_10min	RFC1	4	RFC1-S368	13.292955	3.627	RFC1-S281	-6.859755	-4.165	20.15271
αCD3_αICOS_10min	ATAD2	7	ATAD2-S342	11.752245	4.377	ATAD2-S61	-8.304112	-4.496	20.056357
αCD3_αICOS_10min	DTL	3	DTL-S717	4.259675	1.687	DTL-S488	-14.351121	-7.101	18.610796
αCD3_αICOS_10min	EMD	9	EMD-S163	11.837984	6.392	EMD-S171	-6.580977999999999	-5.074	18.418962
αCD3_αICOS_10min	ZBTB21	4	ZBTB21-S411	11.604600000000001	2.7	ZBTB21-S422	-6.694262000000001	-2.257	18.298862000000003
αCD3_αICOS_10min	AKAP13	7	AKAP13-S2728	10.373851	2.987	AKAP13-S2567	-7.22529	-3.734	17.599141
αCD3_αICOS_10min	PDHA1	3	PDHA1-Y289	10.697346000000001	4.698	PDHA1-S300	-6.6436589999999995	-3.597	17.341005000000003
αCD3_αICOS_10min	NAP1L4	4	NAP1L4-Y55	11.574325	3.325	NAP1L4-S12	-5.69285	-2.05	17.267175
αCD3_αICOS_10min	WDR44	2	WDR44-S262	8.76386	4.244	WDR44-T219	-7.838884999999999	-3.539	16.602745
αCD3_αICOS_10min	ARHGAP35	5	ARHGAP35-S1150	10.761339999999999	5.27	ARHGAP35-S985	-5.7536	-2.9	16.51494
αCD3_αICOS_10min	NCOA2	2	NCOA2-S771	7.71524	4.01	NCOA2-S2	-8.696815	-3.715	16.412055000000002
αCD3_αICOS_10min	DDX20	3	DDX20-S678	12.486755	3.485	DDX20-S714	-3.735082	-2.962	16.221837
αCD3_αICOS_10min	ACIN1	3	ACIN1-S400	13.062423999999998	4.523	ACIN1-T682	-3.10431	-2.454	16.166733999999998
αCD3_αICOS_10min	ATXN2L	3	ATXN2L-S335	2.046204	1.356	ATXN2L-S341	-13.690907999999999	-5.082	15.737111999999998
αCD3_αICOS_10min	SF3B1	3	SF3B1-S322	11.736047999999998	3.518	SF3B1-T328	-3.6074040000000003	-2.084	15.343452
αCD3_αICOS_10min	STAU2	2	STAU2-T488	12.211965	4.761	STAU2-T405	-2.9583600000000003	-2.77	15.170325
αCD3_αICOS_10min	PEAK1	2	PEAK1-S826	6.969944	3.578	PEAK1-S1036	-8.176262000000001	-4.363	15.146206000000001
αCD3_αICOS_10min	PEX16	2	PEX16-S183	7.369752	3.634	PEX16-S158	-6.661978	-4.006	14.03173
αCD3_αICOS_10min	CRYBG1	4	CRYBG1-S725	10.789800000000001	2.45	CRYBG1-S915	-3.146552	-2.413	13.936352000000001
αCD3_αICOS_10min	EIF4ENIF1	2	EIF4ENIF1-T769	10.548496	4.957	EIF4ENIF1-S78	-3.3204450000000003	-3.669	13.868941
αCD3_αICOS_10min	MAP3K1	2	MAP3K1-S1043	7.0752500000000005	3.25	MAP3K1-S1018	-6.793336	-5.258	13.868586
αCD3_αICOS_10min	PCNT	4	PCNT-S1653	5.7475	2.75	PCNT-T2362	-7.847199000000001	-3.483	13.594699
αCD3_αICOS_10min	ETS1	3	ETS1-S282	2.4057880000000003	2.996	ETS1-S273	-11.007213	-3.941	13.413001000000001
αCD3_αICOS_10min	RBL1	2	RBL1-S640	7.534298	3.706	RBL1-S1037	-5.733828	-1.377	13.268125999999999
αCD3_αICOS_10min	NDRG1	2	NDRG1-T366	8.228066	1.414	NDRG1-T375	-4.667781	-4.209	12.895847
αCD3_αICOS_10min	MIDEAS	2	MIDEAS-Y630	6.489964	3.644	MIDEAS-Y624	-6.265875	-3.255	12.755839
αCD3_αICOS_10min	HUWE1	2	HUWE1-T1905	8.185882999999999	3.359	HUWE1-S3802	-4.063756	-2.911	12.249638999999998
αCD3_αICOS_10min	ZNF592	2	ZNF592-S348	2.0965920000000002	2.818	ZNF592-S1264	-10.092851999999999	-5.082	12.189443999999998
αCD3_αICOS_10min	NR2C2	2	NR2C2-S68	5.746805999999999	3.198	NR2C2-T54	-6.412722	-2.998	12.159527999999998
αCD3_αICOS_10min	MORC2	4	MORC2-S739	6.579671	2.303	MORC2-T733	-5.269761	-2.097	11.849432
αCD3_αICOS_10min	GBF1	3	GBF1-S1784	6.817655	3.445	GBF1-Y1305	-4.161291	-2.253	10.978946
αCD3_αICOS_10min	SH3GL1	3	SH3GL1-S291	5.598972	3.114	SH3GL1-S288	-5.33026	-4.94	10.929231999999999
αCD3_αICOS_10min	FOXK1	2	FOXK1-Y219	3.081216	2.176	FOXK1-S428	-7.745088	-2.782	10.826304
αCD3_αICOS_10min	EP300	3	EP300-S12	7.384831999999999	3.328	EP300-S1726	-3.117672	-2.451	10.502504
αCD3_αICOS_10min	FYB1	4	FYB1-S209	6.417644	3.634	FYB1-Y571	-3.0238319999999996	-2.634	9.441476
αCD3_αICOS_10min	DBNL	5	DBNL-S269	6.633514	2.722	DBNL-S253	-2.745799	-1.759	9.379313
αCD3_αICOS_10min	IGF2R	3	IGF2R-S2479	2.687111	1.769	IGF2R-S2204	-6.517	-2.744	9.204111000000001
αCD3_αICOS_10min	MAP7D1	5	MAP7D1-S442	4.248756	2.206	MAP7D1-S116	-3.9350159999999996	-2.666	8.183772
αCD3_αICOS_10min	ZNF609	4	ZNF609-S467	5.752668999999999	1.763	ZNF609-S846	-2.228018	-1.742	7.980687
αCD3_αICOS_10min	TRPM7	2	TRPM7-S907	5.06054	5.686	TRPM7-S1404	-2.5978290000000004	-2.301	7.658369
αCD3_αICOS_10min	RANBP2	6	RANBP2-S1456	3.8398440000000003	2.217	RANBP2-S1573	-3.408921	-3.219	7.248765000000001
αCD3_αICOS_10min	CARHSP1	3	CARHSP1-S32	4.124535000000001	1.965	CARHSP1-S17	-2.5632900000000003	-2.998	6.687825000000001
αCD3_αICOS_10min	APOBR	2	APOBR-S175	4.049409000000001	1.911	APOBR-T572	-2.5763220000000002	-2.898	6.625731000000001
αCD3_αICOS_10min	EEF2	2	EEF2-T57	2.1243	1.164	EEF2-T59	-4.45184	-3.008	6.57614
αCD3_αICOS_10min	BRAF	2	BRAF-S447	2.016112	2.681	BRAF-S419	-3.626305	-1.405	5.642417
αCD3_αICOS_10min	BSG	3	BSG-S367	2.31546	3.108	BSG-T237	-2.178431	-2.159	4.493891
αCD3_αICOS_5min	RB1	5	RB1-S624	7.88424	2.66	RB1-S795	-78.91103	-9.383	86.79527
αCD3_αICOS_5min	CARD11	5	CARD11-S541	11.277650000000001	4.799	CARD11-S512	-53.998824000000006	-9.042	65.27647400000001
αCD3_αICOS_5min	RIF1	3	RIF1-S2348	51.263664	7.116	RIF1-S2265	-13.33125	-5.625	64.594914
αCD3_αICOS_5min	RAPGEF6	3	RAPGEF6-S1070	34.627250000000004	5.894	RAPGEF6-S1237	-27.091115	-5.695	61.718365000000006
αCD3_αICOS_5min	SRRM2	27	SRRM2-S1110	29.450754	7.454	SRRM2-S1101	-29.332440000000002	-6.905	58.783194
αCD3_αICOS_5min	PLEC	3	PLEC-S1732	4.189956	1.938	PLEC-S4613	-43.546754	-5.053	47.73671
αCD3_αICOS_5min	BRAF	2	BRAF-S447	38.12744	6.01	BRAF-S419	-6.529458	-1.726	44.656898
αCD3_αICOS_5min	ATAD2	7	ATAD2-S342	10.093182	4.026	ATAD2-S61	-32.182216000000004	-5.522	42.275398
αCD3_αICOS_5min	ACIN1	3	ACIN1-S400	35.375898	5.518	ACIN1-T682	-6.39216	-3.088	41.768057999999996
αCD3_αICOS_5min	BCL9L	4	BCL9L-S118	33.679359999999996	5.72	BCL9L-T989	-5.8882509999999995	-4.561	39.56761099999999
αCD3_αICOS_5min	AKAP13	7	AKAP13-S2720	33.067834	6.082	AKAP13-S2567	-3.402504	-2.826	36.470338
αCD3_αICOS_5min	RNF31	2	RNF31-S466	2.81349	1.454	RNF31-S437	-33.61527	-6.123	36.428760000000004
αCD3_αICOS_5min	ELF1	2	ELF1-Y160	16.477867999999997	4.334	ELF1-S187	-18.577503999999998	-4.744	35.05537199999999
αCD3_αICOS_5min	STAU2	2	STAU2-T488	14.500073	5.033	STAU2-T405	-18.043675	-4.705	32.543748
αCD3_αICOS_5min	RFC1	4	RFC1-S368	15.323175	3.807	RFC1-S281	-16.84848	-5.28	32.171655
αCD3_αICOS_5min	MED1	4	MED1-S588	26.59392	4.104	MED1-S1463	-5.427602	-3.529	32.021522000000004
αCD3_αICOS_5min	RAPGEF1	3	RAPGEF1-S296	23.909432	7.099	RAPGEF1-Y478	-6.619134	-3.161	30.528565999999998
αCD3_αICOS_5min	TP53BP1	3	TP53BP1-S809	5.1422099999999995	2.715	TP53BP1-S379	-24.013417999999998	-5.837	29.155627999999997
αCD3_αICOS_5min	RCSD1	5	RCSD1-S127	21.141731999999998	5.316	RCSD1-S116	-7.6044480000000005	-3.616	28.74618
αCD3_αICOS_5min	ARHGAP30	3	ARHGAP30-T1020	21.998328	4.532	ARHGAP30-S822	-5.614158	-2.662	27.612486
αCD3_αICOS_5min	ARHGAP35	5	ARHGAP35-S1150	10.676471	5.231	ARHGAP35-Y1105	-16.915845	-3.153	27.592316
αCD3_αICOS_5min	ZBTB21	4	ZBTB21-S411	15.489855000000002	3.217	ZBTB21-S422	-12.0652	-2.48	27.555055000000003
αCD3_αICOS_5min	CDCA2	5	CDCA2-S1000	20.080704	5.352	CDCA2-S120	-6.974838	-3.198	27.055542000000003
αCD3_αICOS_5min	PRKAA1	2	PRKAA1-S397	19.312355999999998	3.769	PRKAA1-T488	-7.295202	-4.883	26.607557999999997
αCD3_αICOS_5min	ARHGAP11A	3	ARHGAP11A-S847	19.544728000000003	3.577	ARHGAP11A-T323	-5.071289999999999	-1.722	24.616018000000004
αCD3_αICOS_5min	PBRM1	2	PBRM1-S948	13.972572	5.372	PBRM1-S13	-9.47452	-5.368	23.447091999999998
αCD3_αICOS_5min	MKI67	14	MKI67-S3249	20.681687999999998	5.079	MKI67-Y1737	-2.6173800000000003	-2.62	23.299068
αCD3_αICOS_5min	PRKCQ	3	PRKCQ-S685	12.287136	3.576	PRKCQ-T538	-10.792692	-4.908	23.079828
αCD3_αICOS_5min	SF3B1	3	SF3B1-S322	15.906000000000002	3.615	SF3B1-T328	-6.66468	-2.178	22.570680000000003
αCD3_αICOS_5min	NSD1	3	NSD1-S948	17.16948	3.33	NSD1-S2573	-4.14222	-2.227	21.311700000000002
αCD3_αICOS_5min	PCM1	2	PCM1-S1283	11.488692000000002	4.916	PCM1-T77	-9.792768	-4.976	21.281460000000003
αCD3_αICOS_5min	EPB41	4	EPB41-S521	15.002320000000001	3.385	EPB41-S712	-5.417311999999999	-3.937	20.419632
αCD3_αICOS_5min	RASAL3	14	RASAL3-S164	3.109932	1.722	RASAL3-S224	-17.04556	-3.581	20.155492
αCD3_αICOS_5min	THOC2	2	THOC2-S1419	10.59714	4.689	THOC2-T1289	-9.55341	-5.178	20.15055
αCD3_αICOS_5min	AHNAK	5	AHNAK-T5845	13.939787	4.769	AHNAK-S5782	-5.779403	-3.871	19.71919
αCD3_αICOS_5min	PEX16	2	PEX16-S183	13.515099	3.887	PEX16-S158	-5.5374550000000005	-3.785	19.052554
αCD3_αICOS_5min	ARID1A	4	ARID1A-S1184	3.8905309999999997	1.271	ARID1A-T1599	-14.272255999999999	-6.304	18.162786999999998
αCD3_αICOS_5min	LARP1	3	LARP1-S1056	9.550176	5.088	LARP1-T1071	-7.677162	-4.397	17.227338
αCD3_αICOS_5min	DTL	3	DTL-S717	5.686134	1.857	DTL-S487	-11.453759999999999	-6.56	17.139893999999998
αCD3_αICOS_5min	HUWE1	2	HUWE1-T1905	4.45008	2.336	HUWE1-S3802	-12.228896	-3.812	16.678976
αCD3_αICOS_5min	KNL1	3	KNL1-S1076	3.095141	1.351	KNL1-S32	-13.486881999999998	-4.457	16.582023
αCD3_αICOS_5min	SMARCA4	3	SMARCA4-T1384	12.15449	4.505	SMARCA4-S1382	-4.3544279999999995	-3.252	16.508917999999998
αCD3_αICOS_5min	ARHGEF6	4	ARHGEF6-S561	14.39419	5.351	ARHGEF6-S150	-2.0641499999999997	-1.251	16.45834
αCD3_αICOS_5min	NCOA2	2	NCOA2-S771	8.556678	4.302	NCOA2-S2	-7.628088	-3.588	16.184766
αCD3_αICOS_5min	EP300	3	EP300-S12	12.662019	4.527	EP300-S1726	-3.431232	-2.576	16.093251000000002
αCD3_αICOS_5min	TRIP12	3	TRIP12-S1248	8.20527	2.874	TRIP12-S1427	-7.528612	-4.732	15.733882000000001
αCD3_αICOS_5min	MORC2	4	MORC2-S739	10.27467	2.961	MORC2-S730	-5.239936	-2.144	15.514606
αCD3_αICOS_5min	MAP4K4	3	MAP4K4-S900	10.236177	3.457	MAP4K4-S631	-5.002072	-2.648	15.238249
αCD3_αICOS_5min	PTDSS1	3	PTDSS1-S11	6.259194	2.862	PTDSS1-S442	-8.775063000000001	-5.283	15.034257
αCD3_αICOS_5min	TMPO	5	TMPO-S312	2.10684	2.172	TMPO-T251	-12.712464	-7.344	14.819304
αCD3_αICOS_5min	SH2D3C	2	SH2D3C-S447	11.74887	5.485	SH2D3C-S339	-2.603466	-2.729	14.352336000000001
αCD3_αICOS_5min	BCL11B	3	BCL11B-S169	6.690010000000001	3.91	BCL11B-T417	-7.247574000000001	-2.939	13.937584000000001
αCD3_αICOS_5min	CARHSP1	3	CARHSP1-S30	11.68561	2.645	CARHSP1-S17	-2.141748	-2.833	13.827358
αCD3_αICOS_5min	PCNT	4	PCNT-S44	8.867955	2.955	PCNT-T2362	-4.465854	-3.063	13.333809
αCD3_αICOS_5min	WDR62	4	WDR62-S49	10.645958	5.921	WDR62-S1348	-2.632201	-2.563	13.278159
αCD3_αICOS_5min	NFATC2	6	NFATC2-S268	9.012780000000001	2.799	NFATC2-S148	-3.670615	-1.895	12.683395
αCD3_αICOS_5min	PRRC2C	4	PRRC2C-S1544	9.971359999999999	4.912	PRRC2C-T1267	-2.082144	-2.208	12.053503999999998
αCD3_αICOS_5min	MAP7D1	5	MAP7D1-S460	8.748376	3.416	MAP7D1-S116	-3.134508	-1.846	11.882884
αCD3_αICOS_5min	IVNS1ABP	2	IVNS1ABP-T281	2.521644	3.156	IVNS1ABP-S322	-9.254268999999999	-4.561	11.775913
αCD3_αICOS_5min	HAUS6	2	HAUS6-T858	7.4156390000000005	3.493	HAUS6-S660	-4.10861	-2.255	11.524249000000001
αCD3_αICOS_5min	IWS1	7	IWS1-S720	7.994676	3.851	IWS1-S362	-2.6312699999999998	-1.262	10.625945999999999
αCD3_αICOS_5min	APOBR	2	APOBR-S175	2.8353810000000004	1.623	APOBR-T572	-7.200927999999999	-4.148	10.036309
αCD3_αICOS_5min	GBF1	3	GBF1-S1784	6.92415	3.345	GBF1-S1298	-2.8012530000000004	-2.317	9.725403
αCD3_αICOS_5min	GATAD2B	2	GATAD2B-S227	4.186644	1.518	GATAD2B-S129	-4.534442	-1.738	8.721086
αCD3_αICOS_5min	ZNF609	4	ZNF609-S467	5.0796399999999995	1.682	ZNF609-S846	-2.4091720000000003	-2.414	7.488811999999999
αCD3_αICOS_5min	SYMPK	2	SYMPK-S494	4.3529860000000005	2.266	SYMPK-S1171	-2.566278	-2.574	6.919264
αCD3_αICOS_5min	TLK1	3	TLK1-T111	2.2683100000000005	1.87	TLK1-T753	-2.594696	-1.636	4.863006
