Gene_set	Term	Overlap	P-value	Adjusted P-value	Old P-value	Old Adjusted P-value	Odds Ratio	Combined Score	Genes
KEGG_2021_Human	Long-term potentiation	12/67	2.158490683713366e-11	2.674967775544565e-09	0	0	18.94048858630357	465.1599668533875	RPS6KA3;PPP3CB;MAP2K2;PRKCB;CAMK4;RPS6KA1;EP300;MAPK1;ITPR3;BRAF;RAF1;MAPK3
KEGG_2021_Human	T cell receptor signaling pathway	14/104	2.5355144791891616e-11	2.674967775544565e-09	0	0	13.599703703703703	331.8061075544025	MAP2K2;PDPK1;NFATC2;CBLB;PPP3CB;MAPK1;PRKCQ;PTPN6;PLCG1;RAF1;MAP2K7;MAP3K7;PAK2;MAPK3
KEGG_2021_Human	Regulation of actin cytoskeleton	18/218	1.4689127322221636e-10	8.48960885397944e-09	0	0	7.966018099547512	180.36123215690208	MAP2K2;PPP1R12A;LIMK1;BRAF;ARHGAP35;FGD3;DIAPH3;APC;TMSB4X;MYH9;MAPK1;ITGB7;ARHGEF7;RAF1;PAK2;WASF2;GIT1;MAPK3
KEGG_2021_Human	Neurotrophin signaling pathway	14/119	1.6094045220814105e-10	8.48960885397944e-09	0	0	11.648	262.6622448651937	MAP2K2;PDPK1;BAD;PRKCD;BRAF;RPS6KA3;CAMK4;RPS6KA1;RAPGEF1;MAPK1;PLCG1;RAF1;MAP2K7;MAPK3
KEGG_2021_Human	mTOR signaling pathway	15/154	5.254791467326415e-10	2.2175219992117477e-08	0	0	9.45304470709147	201.98047063145077	PRKAA1;MAP2K2;PRKCB;PDPK1;BRAF;RPTOR;RPS6KA3;CLIP1;RPS6KA1;MAPK1;RICTOR;LAMTOR1;RAF1;EIF4B;MAPK3
KEGG_2021_Human	Thyroid hormone signaling pathway	13/121	2.291511781913877e-09	8.058483099730467e-08	0	0	10.46742871189774	208.23959277275907	PFKFB2;MED1;MAP2K2;PRKCB;PDPK1;HDAC1;BAD;PFKL;EP300;MAPK1;PLCG1;RAF1;MAPK3
KEGG_2021_Human	ErbB signaling pathway	11/85	5.525966193051661e-09	1.6656840953341433e-07	0	0	12.835289236605028	244.04772168142952	MAP2K2;PRKCB;BAD;MAPK1;CBLB;BRAF;PLCG1;RAF1;MAP2K7;PAK2;MAPK3
KEGG_2021_Human	Non-small cell lung cancer	10/72	1.3789423785039887e-08	3.6369605233042706e-07	0	0	13.874489364699253	251.11943236848697	RB1;MAP2K2;PDPK1;PRKCB;BAD;MAPK1;BRAF;PLCG1;RAF1;MAPK3
KEGG_2021_Human	Glioma	10/75	2.0660057913449257e-08	4.843635799708659e-07	0	0	13.23211286530064	234.1430783181128	RB1;MAP2K2;PRKCB;CAMK4;MAPK1;BRAF;PLCG1;CAMK1;RAF1;MAPK3
KEGG_2021_Human	VEGF signaling pathway	9/59	3.194041333161989e-08	6.739427212971798e-07	0	0	15.426	266.2434080394241	PPP3CB;MAP2K2;PRKCB;BAD;MAPK1;NFATC2;PLCG1;RAF1;MAPK3
KEGG_2021_Human	Human immunodeficiency virus 1 infection	15/212	4.1917801735823786e-08	7.581068939354259e-07	0	0	6.6501994198694705	112.97062998752882	MAP2K2;PRKCB;BAD;LIMK1;NFATC2;ITPR3;CUL4A;PPP3CB;MAPK1;PLCG1;RAF1;MAP2K7;PAK2;MAP3K7;MAPK3
KEGG_2021_Human	Oxytocin signaling pathway	13/154	4.3115084015284894e-08	7.581068939354259e-07	0	0	8.004142346074186	135.7453950659921	PRKAA1;MAP2K2;PPP1R12A;PRKCB;NFATC2;ITPR3;EEF2;PPP3CB;CAMK4;MAPK1;CAMK1;RAF1;MAPK3
KEGG_2021_Human	Autophagy	12/137	9.58295478965487e-08	1.3480023070781183e-06	0	0	8.304211453744493	134.20182657933515	RPTOR;PRKAA1;MAP2K2;PDPK1;BAD;PRKCD;MAPK1;PRKCQ;EIF2AK4;RAF1;MAP3K7;MAPK3
KEGG_2021_Human	Insulin signaling pathway	12/137	9.58295478965487e-08	1.3480023070781183e-06	0	0	8.304211453744493	134.20182657933515	RPTOR;PRKAA1;MAP2K2;PDPK1;BAD;MKNK1;RAPGEF1;MAPK1;CBLB;BRAF;RAF1;MAPK3
KEGG_2021_Human	Yersinia infection	12/137	9.58295478965487e-08	1.3480023070781183e-06	0	0	8.304211453744493	134.20182657933515	RPS6KA3;MAP2K2;RPS6KA1;LIMK1;NFATC2;MAPK1;PLCG1;MAP2K7;ARHGEF7;MAP3K7;WASF2;MAPK3
KEGG_2021_Human	Renal cell carcinoma	9/69	1.2986476954236193e-07	1.712591648339898e-06	0	0	12.848478260869566	203.73539241358253	MAP2K2;BAD;RAPGEF1;EP300;MAPK1;BRAF;RAF1;PAK2;MAPK3
KEGG_2021_Human	Fc gamma R-mediated phagocytosis	10/97	2.49186977888203e-07	2.92102512968949e-06	0	0	9.875018822466496	150.1502764790309	VASP;PRKCB;PRKCD;LIMK1;MAPK1;ASAP1;PLCG1;RAF1;WASF2;MAPK3
KEGG_2021_Human	Prostate cancer	10/97	2.49186977888203e-07	2.92102512968949e-06	0	0	9.875018822466496	150.1502764790309	RB1;MAP2K2;ZEB1;PDPK1;BAD;EP300;MAPK1;BRAF;RAF1;MAPK3
KEGG_2021_Human	Endometrial cancer	8/58	4.236140950553872e-07	4.70434600298351e-06	0	0	13.652640692640691	200.3448969518106	MAP2K2;APC;PDPK1;BAD;MAPK1;BRAF;RAF1;MAPK3
KEGG_2021_Human	MAPK signaling pathway	16/294	5.423103712919799e-07	5.713648383682235e-06	0	0	5.0283575829919025	72.5462637618964	MAP2K2;PRKCB;BRAF;RPS6KA3;PPP3CB;MKNK1;STMN1;RPS6KA1;NF1;MAPK1;RAF1;MAP2K7;PAK2;MAP3K7;MAP4K4;MAPK3
KEGG_2021_Human	Vascular smooth muscle contraction	11/133	5.910936734944233e-07	5.713648383682235e-06	0	0	7.766357492090883	111.379595383387	MAP2K2;PPP1R12A;PRKCB;PRKCD;MYH9;MAPK1;PRKCQ;ITPR3;BRAF;RAF1;MAPK3
KEGG_2021_Human	Hepatitis B	12/162	5.95735850431323e-07	5.713648383682235e-06	0	0	6.91136563876652	99.0638414824101	RB1;MAP2K2;PRKCB;BAD;EP300;NFATC2;MAPK1;BRAF;RAF1;MAP2K7;MAP3K7;MAPK3
KEGG_2021_Human	Focal adhesion	13/201	9.495855614751424e-07	8.711415368315437e-06	0	0	5.988726228582188	83.04710509549976	VASP;PPP1R12A;PRKCB;PDPK1;BAD;BRAF;ARHGAP35;RAPGEF1;MAPK1;ITGB7;RAF1;PAK2;MAPK3
KEGG_2021_Human	PD-L1 expression and PD-1 checkpoint pathway in cancer	9/89	1.1840031929776502e-06	1.000641363330581e-05	0	0	9.626576086956522	131.3701229935264	PPP3CB;MAP2K2;MAPK1;NFATC2;PRKCQ;PTPN6;PLCG1;RAF1;MAPK3
KEGG_2021_Human	Proteoglycans in cancer	13/205	1.185594032382205e-06	1.000641363330581e-05	0	0	5.862762721238938	79.99896043667235	MAP2K2;PPP1R12A;PRKCB;PDPK1;BRAF;ITPR3;HCLS1;MAPK1;PTPN6;PLCG1;RAF1;EIF4B;MAPK3
KEGG_2021_Human	Chronic myeloid leukemia	8/76	3.464054416734741e-06	2.8112133920424244e-05	0	0	10.029539088362618	126.10210563275326	RB1;MAP2K2;HDAC1;BAD;MAPK1;BRAF;RAF1;MAPK3
KEGG_2021_Human	Natural killer cell mediated cytotoxicity	10/131	4.010737473778562e-06	3.1343170628417646e-05	0	0	7.08794976361471	88.07865882734195	PPP3CB;MAP2K2;PRKCB;NFATC2;MAPK1;BRAF;PTPN6;PLCG1;RAF1;MAPK3
KEGG_2021_Human	MicroRNAs in cancer	15/310	5.2383306273153585e-06	3.947456294155502e-05	0	0	4.418734866828087	53.72964060635968	MAP2K2;PRKCB;HDAC1;SIRT1;GLS;RPTOR;ZEB1;APC;STMN1;EP300;MAPK1;PLCG1;RAF1;EZH2;MAPK3
KEGG_2021_Human	cGMP-PKG signaling pathway	11/167	5.535529732801818e-06	3.94824764862231e-05	0	0	6.0631747638326585	73.39062750742274	VASP;PPP3CB;MAP2K2;PPP1R12A;BAD;NFATC2;MAPK1;ITPR3;ATP2B1;RAF1;MAPK3
KEGG_2021_Human	B cell receptor signaling pathway	8/81	5.613622249226034e-06	3.94824764862231e-05	0	0	9.34021229911641	112.92610297480076	PPP3CB;MAP2K2;PRKCB;MAPK1;NFATC2;PTPN6;RAF1;MAPK3
KEGG_2021_Human	Hepatocellular carcinoma	11/168	5.861804344036529e-06	3.989808763199057e-05	0	0	6.024248519387641	72.57444175987996	RB1;MAP2K2;APC;PRKCB;BAD;MAPK1;BRAF;PLCG1;RAF1;SMARCA4;MAPK3
KEGG_2021_Human	HIF-1 signaling pathway	9/109	6.457594376208331e-06	4.257976291812368e-05	0	0	7.693434782608696	91.93849745432183	PFKL;MAP2K2;PRKCB;MKNK1;EP300;MAPK1;PLCG1;GAPDH;MAPK3
KEGG_2021_Human	Long-term depression	7/60	7.180697273522616e-06	4.591294317312945e-05	0	0	11.219583604424203	132.88602798736176	MAP2K2;PRKCB;MAPK1;ITPR3;BRAF;RAF1;MAPK3
KEGG_2021_Human	Bladder cancer	6/41	8.664651179789056e-06	5.3071833053098536e-05	0	0	14.513304721030044	169.1708372044096	RB1;MAP2K2;MAPK1;BRAF;RAF1;MAPK3
KEGG_2021_Human	Shigellosis	13/246	8.803384629660895e-06	5.3071833053098536e-05	0	0	4.8209958600782405	56.11819627833588	GSK3A;PRKCD;ITPR3;SEPTIN9;RPTOR;HCLS1;MAPK1;PRKCQ;PLCG1;ARHGEF2;MAP3K7;WASF2;MAPK3
KEGG_2021_Human	AMPK signaling pathway	9/120	1.4136849083077878e-05	8.285764323692867e-05	0	0	6.927144535840188	77.35352332780641	PFKFB2;RPTOR;PRKAA1;PFKL;PDPK1;HMGCR;EEF2;MAP3K7;SIRT1
KEGG_2021_Human	GnRH signaling pathway	8/93	1.5718014585282476e-05	8.963516425661088e-05	0	0	8.016704863763687	88.67039215872737	MAP2K2;PRKCB;PRKCD;MAPK1;ITPR3;RAF1;MAP2K7;MAPK3
KEGG_2021_Human	Fc epsilon RI signaling pathway	7/68	1.6621602816234517e-05	9.229363669014428e-05	0	0	9.744205765969474	107.23310707913532	MAP2K2;PDPK1;MAPK1;PLCG1;RAF1;MAP2K7;MAPK3
KEGG_2021_Human	Kaposi sarcoma-associated herpesvirus infection	11/193	2.1705193814714515e-05	0.000117430663971917	0	0	5.190114709851552	55.7312388546163	RB1;PPP3CB;MAP2K2;NFATC2;EP300;MAPK1;ITPR3;PLCG1;RAF1;MAP2K7;MAPK3
KEGG_2021_Human	Choline metabolism in cancer	8/98	2.307579930363885e-05	0.00012172484132669492	0	0	7.56940836940837	80.81650019289609	MAP2K2;PRKCB;PDPK1;MAPK1;PLCG1;RAF1;WASF2;MAPK3
KEGG_2021_Human	Melanoma	7/72	2.4255020273387763e-05	0.000124824616528898	0	0	9.142705570291778	97.15849842507356	RB1;MAP2K2;BAD;MAPK1;BRAF;RAF1;MAPK3
KEGG_2021_Human	Pathogenic Escherichia coli infection	11/197	2.624485350051947e-05	0.00013184914496689544	0	0	5.077461799660441	53.5572734376313	NCL;HCLS1;MYH9;MAPK1;PTPN6;ARHGEF2;PAK2;MAP3K7;GAPDH;WASF2;MAPK3
KEGG_2021_Human	FoxO signaling pathway	9/131	2.8531188301886516e-05	0.00014000187748135012	0	0	6.29903777619387	65.91636107539131	PRKAA1;MAP2K2;PDPK1;EP300;MAPK1;BRAF;RAF1;SIRT1;MAPK3
KEGG_2021_Human	C-type lectin receptor signaling pathway	8/104	3.5521464776128135e-05	0.0001703415697218872	0	0	7.0941558441558445	72.68227559978318	PPP3CB;PRKCD;NFATC2;MAPK1;CBLB;ITPR3;RAF1;MAPK3
KEGG_2021_Human	Rap1 signaling pathway	11/210	4.712214313711237e-05	0.00022095049337623803	0	0	4.742616591730583	47.249586621094934	VASP;MAP2K2;PRKCB;RAPGEF1;MAPK1;BRAF;EVL;PLCG1;RAF1;RAPGEF6;MAPK3
KEGG_2021_Human	Axon guidance	10/182	6.995481244747647e-05	0.00032087968318298993	0	0	4.973342134660303	47.58325188396415	PPP3CB;SEMA4D;PDPK1;LIMK1;NFATC2;MAPK1;PLCG1;RAF1;PAK2;MAPK3
KEGG_2021_Human	Thyroid cancer	5/37	7.455120902716367e-05	0.00033468734265386244	0	0	13.173744658119658	125.20358934244727	MAP2K2;TPR;MAPK1;BRAF;MAPK3
KEGG_2021_Human	Colorectal cancer	7/86	7.679539175734697e-05	0.0003375797429333377	0	0	7.517132256656482	71.22006168942474	MAP2K2;APC;BAD;MAPK1;BRAF;RAF1;MAPK3
KEGG_2021_Human	Growth hormone synthesis, secretion and action	8/119	9.278331383036326e-05	0.00039953631057564585	0	0	6.130806130806131	56.926029260721016	MAP2K2;PRKCB;EP300;MAPK1;ITPR3;PLCG1;RAF1;MAPK3
KEGG_2021_Human	Chemokine signaling pathway	10/192	0.00010911782938694684	0.000459996176808363	0	0	4.697682230433323	42.85734140102182	GSK3A;PRKCB;BAD;PRKCD;MAPK1;BRAF;PLCG1;RAF1;DOCK2;MAPK3
KEGG_2021_Human	Cellular senescence	9/156	0.00011118391003424888	0.000459996176808363	0	0	5.221118012422361	47.534754624803355	RB1;PPP3CB;MAP2K2;NFATC2;MAPK1;ITPR3;RAF1;SIRT1;MAPK3
KEGG_2021_Human	GnRH secretion	6/64	0.00011490907094918542	0.0004647469032759891	0	0	8.747817078585172	79.35468042378866	MAP2K2;PRKCB;MAPK1;ITPR3;RAF1;MAPK3
KEGG_2021_Human	Hepatitis C	9/157	0.00011673737380866076	0.0004647469032759891	0	0	5.185575793184489	46.958416221690634	RB1;MAP2K2;BAD;MAPK1;BRAF;EIF3E;EIF2AK4;RAF1;MAPK3
KEGG_2021_Human	Acute myeloid leukemia	6/67	0.00014846156596853326	0.0005800998225807503	0	0	8.31633012031239	73.30998394306273	MAP2K2;BAD;MAPK1;BRAF;RAF1;MAPK3
KEGG_2021_Human	Central carbon metabolism in cancer	6/70	0.00018933294277005455	0.0007263500168087549	0	0	7.925295064377682	67.93565695705004	PFKL;MAP2K2;MAPK1;RAF1;GLS;MAPK3
KEGG_2021_Human	Progesterone-mediated oocyte maturation	7/100	0.00019865002300106143	0.0007323062799122926	0	0	6.380978865406007	54.391246639669355	RPS6KA3;RPS6KA1;MAPK1;BRAF;RAF1;ANAPC2;MAPK3
KEGG_2021_Human	Pathways of neurodegeneration	16/475	0.0002029613799727338	0.0007323062799122926	0	0	3.0172044901667694	25.65376561931145	MAP2K2;BAD;PRKCB;HTT;BRAF;ITPR3;PPP3CB;ATXN2;APC;MAPK1;PLCG1;RAF1;MAP2K7;RAB5A;OPTN;MAPK3
KEGG_2021_Human	Tight junction	9/169	0.00020361690034798933	0.0007323062799122926	0	0	4.793722826086957	40.74314589420955	VASP;PRKAA1;HCLS1;MYH9;NF2;ARHGEF2;MAP2K7;YBX3;RAPGEF6
KEGG_2021_Human	Adherens junction	6/71	0.00020476810670533305	0.0007323062799122926	0	0	7.802971277649389	66.27556970617947	EP300;MAPK1;PTPN6;MAP3K7;WASF2;MAPK3
KEGG_2021_Human	cAMP signaling pathway	10/216	0.00028392910826709216	0.0009984840307392742	0	0	4.14529189807945	33.85371171371573	MAP2K2;PPP1R12A;BAD;CAMK4;EP300;MAPK1;BRAF;ATP2B1;RAF1;MAPK3
KEGG_2021_Human	Pancreatic cancer	6/76	0.00029745275793497495	0.0010288939659717	0	0	7.2437768240343345	58.821316006091415	RB1;BAD;MAPK1;BRAF;RAF1;MAPK3
KEGG_2021_Human	Insulin resistance	7/108	0.00031923769395683025	0.0010864379584659	0	0	5.873164902697166	47.276479084168066	RPS6KA3;PRKAA1;PRKCB;PDPK1;RPS6KA1;PRKCD;PRKCQ
KEGG_2021_Human	RNA transport	9/186	0.00041338015895004435	0.0013844954529914	0	0	4.329550478997789	33.732146503502555	EIF5B;TPR;EIF3G;TACC3;NUP153;EIF3E;EIF4G3;EIF4B;EIF4G1
KEGG_2021_Human	Ras signaling pathway	10/232	0.0004990733553618199	0.0016453824684585	0	0	3.843384869585743	29.22032302073191	MAP2K2;PRKCB;BAD;NF1;MAPK1;PLCG1;RAF1;PAK2;RAB5A;MAPK3
KEGG_2021_Human	Cushing syndrome	8/155	0.000563791322876101	0.0018301533711824	0	0	4.620902906617192	34.568172316254056	RB1;MAP2K2;KMT2A;APC;MAPK1;ITPR3;BRAF;MAPK3
KEGG_2021_Human	Gap junction	6/88	0.0006547683875319055	0.0020932746934732	0	0	6.179943473254475	45.30658075809261	MAP2K2;PRKCB;MAPK1;ITPR3;RAF1;MAPK3
KEGG_2021_Human	Platelet activation	7/124	0.0007337878817933799	0.0023108842247522	0	0	5.0658709106984965	36.5618623044834	VASP;PPP1R12A;STIM1;MAPK1;ITPR3;ARHGAP35;MAPK3
KEGG_2021_Human	Th1 and Th2 cell differentiation	6/92	0.0008281471529215665	0.0025696919009772	0	0	5.8913065176165285	41.80659449056751	PPP3CB;MAPK1;NFATC2;PRKCQ;PLCG1;MAPK3
KEGG_2021_Human	Osteoclast differentiation	7/127	0.0008452152675579472	0.0025846437891989	0	0	4.938469827586207	34.94421351383752	PPP3CB;CAMK4;NFATC2;MAPK1;MAP2K7;MAP3K7;MAPK3
KEGG_2021_Human	Salmonella infection	10/249	0.0008609784769785091	0.0025952351234637	0	0	3.566899928742395	25.173185983881165	MAP2K2;AHNAK;MAPK1;RAF1;MAP2K7;PIK3C2A;MAP3K7;RAB5A;GAPDH;MAPK3
KEGG_2021_Human	Oocyte meiosis	7/129	0.0009266318393193704	0.0027537932126251	0	0	4.857016676088185	33.92118213159845	RPS6KA3;PPP3CB;RPS6KA1;MAPK1;ITPR3;ANAPC2;MAPK3
KEGG_2021_Human	Aldosterone-regulated sodium reabsorption	4/37	0.0009635676503269898	0.0028237885308193	0	0	10.175628626692456	70.66839619941261	PDPK1;PRKCB;MAPK1;MAPK3
KEGG_2021_Human	Phosphatidylinositol signaling system	6/97	0.0010923716672411	0.0031574030381901	0	0	5.566193463189172	37.95812255182081	PRKCB;ITPR3;PLCG1;PIK3C2A;PI4K2A;MTM1
KEGG_2021_Human	Lipid and atherosclerosis	9/215	0.001162212670291	0.0033138766679919	0	0	3.7145420008442382	25.100756127845052	PPP3CB;PDPK1;BAD;NFATC2;MAPK1;PLCG1;MAP2K7;MAP3K7;MAPK3
KEGG_2021_Human	Apelin signaling pathway	7/137	0.0013160184917994	0.0037023986902625	0	0	4.556266578249337	30.222374114083884	PRKAA1;MAP2K2;CAMK4;MAPK1;ITPR3;RAF1;MAPK3
KEGG_2021_Human	Melanogenesis	6/101	0.001346779158317	0.0037390842421698	0	0	5.330743166930201	35.23642207556122	MAP2K2;PRKCB;EP300;MAPK1;RAF1;MAPK3
KEGG_2021_Human	D-Glutamine and D-glutamate metabolism	2/5	0.0013886814965131	0.0038053479969386	0	0	55.57805907172996	365.67031218383914	GLUD1;GLS
KEGG_2021_Human	Amphetamine addiction	5/69	0.001410069256041	0.0038144181157006	0	0	6.576188568376068	43.16686761284341	PPP3CB;PRKCB;HDAC1;CAMK4;SIRT1
KEGG_2021_Human	Amyotrophic lateral sclerosis	12/364	0.0015087053652669	0.0040295801528015	0	0	2.914847817380857	18.93631866837795	SETX;PPP3CB;ATXN2;BAD;HNRNPA2B1;TPR;NUP153;ITPR3;MATR3;HNRNPA1;RAB5A;OPTN
KEGG_2021_Human	Human cytomegalovirus infection	9/225	0.0015917989954272	0.0041983698504393	0	0	3.5407608695652173	22.812734423007097	RB1;PPP3CB;MAP2K2;PRKCB;NFATC2;MAPK1;ITPR3;RAF1;MAPK3
KEGG_2021_Human	Apoptosis	7/142	0.0016177500933311	0.0042141391320106	0	0	4.38639846743295	28.19015004909805	MAP2K2;PDPK1;BAD;MAPK1;ITPR3;RAF1;MAPK3
KEGG_2021_Human	Parathyroid hormone synthesis, secretion and action	6/106	0.001725682122483	0.0044404747298038	0	0	5.062918454935622	32.21095993717796	PRKCB;MAPK1;ITPR3;BRAF;RAF1;MAPK3
KEGG_2021_Human	Glucagon signaling pathway	6/107	0.0018102833318787	0.0045472593217429	0	0	5.0125355883227805	31.65051265823672	PPP3CB;PRKAA1;PFKL;EP300;ITPR3;SIRT1
KEGG_2021_Human	Th17 cell differentiation	6/107	0.0018102833318787	0.0045472593217429	0	0	5.0125355883227805	31.65051265823672	PPP3CB;NFATC2;MAPK1;PRKCQ;PLCG1;MAPK3
KEGG_2021_Human	Coronavirus disease	9/232	0.0019621355570398	0.0048353163763257	0	0	3.428387599922012	21.371614619810508	RPS14;RPS9;PRKCB;MAPK1;ADAR;PLCG1;RPL29;MAP3K7;MAPK3
KEGG_2021_Human	Breast cancer	7/147	0.0019707924567014	0.0048353163763257	0	0	4.228663793103448	26.341698057193643	RB1;MAP2K2;APC;MAPK1;BRAF;RAF1;MAPK3
KEGG_2021_Human	Neutrophil extracellular trap formation	8/189	0.0020180792198757	0.0048944220160204	0	0	3.7463825309129177	23.248585530383764	MAP2K2;PRKCB;HDAC1;MAPK1;PLCG1;RAF1;MAP3K7;MAPK3
KEGG_2021_Human	Gastric cancer	7/149	0.0021276311623184	0.0051014792641952	0	0	4.168680184555609	25.64883053299983	RB1;MAP2K2;APC;MAPK1;BRAF;RAF1;MAPK3
KEGG_2021_Human	Leishmaniasis	5/77	0.0022952080751474	0.0054414483579338	0	0	5.843126780626781	35.50828279870291	PRKCB;MAPK1;PTPN6;MAP3K7;MAPK3
KEGG_2021_Human	Serotonergic synapse	6/113	0.0023857181819492	0.0055609414910111	0	0	4.7300148409610525	28.561036120451604	PRKCB;MAPK1;ITPR3;BRAF;RAF1;MAPK3
KEGG_2021_Human	Chemical carcinogenesis	9/239	0.0023983207378294	0.0055609414910111	0	0	3.322854442344046	20.04673592267364	RB1;RPS6KA3;MAP2K2;PRKCB;BAD;RPS6KA1;MAPK1;RAF1;MAPK3
KEGG_2021_Human	Calcium signaling pathway	9/240	0.0024664664603072	0.0056567872078785	0	0	3.308300395256917	19.866240441075604	PPP3CB;STIM1;PRKCB;STIM2;CAMK4;ITPR3;PLCG1;CAMK1;ATP2B1
KEGG_2021_Human	Glutamatergic synapse	6/114	0.0024936196047552	0.0056575670602512	0	0	4.685979971387697	28.08785751586452	PPP3CB;PRKCB;MAPK1;ITPR3;GLS;MAPK3
KEGG_2021_Human	Sphingolipid signaling pathway	6/119	0.0030890607289692	0.0069339554660906	0	0	4.477496296858977	25.8794280363334	MAP2K2;PRKCB;PDPK1;MAPK1;RAF1;MAPK3
KEGG_2021_Human	Cell cycle	6/124	0.0037847702896132	0.0084061740116673	0	0	4.286680730341165	23.90583285491405	RB1;PRKDC;HDAC1;EP300;MCM4;ANAPC2
KEGG_2021_Human	Influenza A	7/172	0.0047103078724541	0.0103528641779981	0	0	3.583385579937304	19.19978713055121	MAP2K2;PRKCB;EP300;MAPK1;ADAR;RAF1;MAPK3
KEGG_2021_Human	Human T-cell leukemia virus 1 infection	8/219	0.0049462995265477	0.0107594762897068	0	0	3.20879752159373	17.03587682628684	RB1;PPP3CB;MAP2K2;NFATC2;EP300;MAPK1;ANAPC2;MAPK3
KEGG_2021_Human	Alzheimer disease	11/369	0.0050159746638941	0.0107997005518536	0	0	2.614831422130746	13.84586584106231	PPP3CB;MAP2K2;APC;BAD;MAPK1;BRAF;ITPR3;RAF1;MAP2K7;GAPDH;MAPK3
KEGG_2021_Human	Tuberculosis	7/180	0.0060132513480521	0.0128161215599898	0	0	3.4162846322503486	17.470161120342656	PPP3CB;BAD;EP300;MAPK1;RAF1;RAB5A;MAPK3
KEGG_2021_Human	Estrogen signaling pathway	6/137	0.0061329304908655	0.0129404833357262	0	0	3.858729482685188	19.65668666194536	MAP2K2;PRKCD;MAPK1;ITPR3;RAF1;MAPK3
KEGG_2021_Human	Aldosterone synthesis and secretion	5/98	0.0064505127484782	0.013343707744401	0	0	4.518886131789357	22.79143446174795	PRKCB;CAMK4;ITPR3;ATP2B1;CAMK1
KEGG_2021_Human	Inflammatory mediator regulation of TRP channels	5/98	0.0064505127484782	0.013343707744401	0	0	4.518886131789357	22.79143446174795	PRKCB;PRKCD;PRKCQ;ITPR3;PLCG1
KEGG_2021_Human	Human papillomavirus infection	10/331	0.0066886240863452	0.0137019386623189	0	0	2.644574133779537	13.242300601552357	RB1;MAP2K2;APC;BAD;HDAC1;EP300;MAPK1;ITGB7;RAF1;MAPK3
KEGG_2021_Human	AGE-RAGE signaling pathway in diabetic complications	5/100	0.0070158527005147	0.0142340857673904	0	0	4.423301844354476	21.93773271485405	PRKCB;PRKCD;MAPK1;PLCG1;MAPK3
KEGG_2021_Human	Signaling pathways regulating pluripotency of stem cells	6/143	0.0075153015025954	0.0151021773052156	0	0	3.6886062466714704	18.040287575115013	MAP2K2;RIF1;APC;MAPK1;RAF1;MAPK3
KEGG_2021_Human	Longevity regulating pathway	5/102	0.0076149432723294	0.0151580474571841	0	0	4.3316591770200015	21.128285946159615	RPTOR;PRKAA1;HDAC1;CAMK4;SIRT1
KEGG_2021_Human	NF-kappa B signaling pathway	5/104	0.0082487618618881	0.0161156366005407	0	0	4.2437192437192435	20.3600585755794	PRKCB;PRKCQ;PLCG1;ERC1;MAP3K7
KEGG_2021_Human	Toll-like receptor signaling pathway	5/104	0.0082487618618881	0.0161156366005407	0	0	4.2437192437192435	20.3600585755794	MAP2K2;MAPK1;MAP2K7;MAP3K7;MAPK3
KEGG_2021_Human	Prolactin signaling pathway	4/70	0.0098512966811982	0.0190699412819525	0	0	5.079303675048356	23.467155996431224	MAP2K2;MAPK1;RAF1;MAPK3
KEGG_2021_Human	PI3K-Akt signaling pathway	10/354	0.0104459071726879	0.0200371492130649	0	0	2.46483700619478	11.243465008691256	RPTOR;PRKAA1;MAP2K2;BAD;PDPK1;MAPK1;ITGB7;RAF1;EIF4B;MAPK3
KEGG_2021_Human	Endocytosis	8/252	0.0111005998896818	0.021006244009166	0	0	2.7701369668582783	12.467710929010831	ARFGEF2;IQSEC1;CBLB;ASAP1;RAB5A;ARFGAP1;GIT1;WASHC2A
KEGG_2021_Human	Toxoplasmosis	5/112	0.0111502337868559	0.021006244009166	0	0	3.924834251937056	17.64721189226351	PDPK1;BAD;MAPK1;MAP3K7;MAPK3
KEGG_2021_Human	Viral carcinogenesis	7/203	0.0112582458616342	0.0210220343080072	0	0	3.011853448275862	13.513145686517708	RB1;SNW1;HDAC1;BAD;EP300;MAPK1;MAPK3
KEGG_2021_Human	Inositol phosphate metabolism	4/73	0.0113758822602377	0.0210553610255277	0	0	4.857724329324699	21.744435920191147	PLCG1;PIK3C2A;PI4K2A;MTM1
KEGG_2021_Human	Cholinergic synapse	5/113	0.0115559992500176	0.0212027464500323	0	0	3.88829534662868	17.343937990819104	PRKCB;CAMK4;MAPK1;ITPR3;MAPK3
KEGG_2021_Human	Pathways in cancer	13/531	0.0117911601297733	0.021447713684329	0	0	2.136869170055011	9.48856490990256	RB1;MAP2K2;BAD;PRKCB;HDAC1;BRAF;APC;TPR;EP300;MAPK1;PLCG1;RAF1;MAPK3
KEGG_2021_Human	Leukocyte transendothelial migration	5/114	0.0119717055981992	0.0215899989847866	0	0	3.852426879949816	17.047795180276818	VASP;PRKCB;PECAM1;PLCG1;ARHGAP35
KEGG_2021_Human	Bacterial invasion of epithelial cells	4/77	0.0136335531427864	0.0243786416366775	0	0	4.590614981055086	19.717707622187287	SEPTIN1;HCLS1;SEPTIN9;WASF2
KEGG_2021_Human	Wnt signaling pathway	6/166	0.0149204605571342	0.0264556065340782	0	0	3.154667381974249	13.265445164189735	PPP3CB;APC;PRKCB;EP300;NFATC2;MAP3K7
KEGG_2021_Human	Type II diabetes mellitus	3/46	0.0175364503757024	0.0308349252439435	0	0	5.82912889239259	23.569929286507836	PRKCD;MAPK1;MAPK3
KEGG_2021_Human	Nucleotide excision repair	3/47	0.0185704717468802	0.0323832193272043	0	0	5.696359784283513	22.706729687130412	CUL4A;LIG1;ERCC6
KEGG_2021_Human	Relaxin signaling pathway	5/129	0.0194686958103979	0.0336712689835571	0	0	3.383822718500138	13.328699856149855	MAP2K2;MAPK1;RAF1;MAP2K7;MAPK3
KEGG_2021_Human	Alcoholism	6/186	0.0245702465336581	0.0421489595008282	0	0	2.8012875536480686	10.382185319863911	HDAC1;CAMK4;MAPK1;BRAF;RAF1;MAPK3
KEGG_2021_Human	Fluid shear stress and atherosclerosis	5/139	0.0258774054102662	0.0436810603325294	0	0	3.1297040438831485	11.437143728361018	PRKAA1;PECAM1;ARHGEF2;MAP2K7;MAP3K7
KEGG_2021_Human	Measles	5/139	0.0258774054102662	0.0436810603325294	0	0	3.1297040438831485	11.437143728361018	BAD;CBLB;ADAR;EIF2AK4;MAP3K7
KEGG_2021_Human	Arginine biosynthesis	2/22	0.0280726756354134	0.0470105917386685	0	0	8.329535864978903	29.76108657825104	GLUD1;GLS
KEGG_2021_Human	Spinocerebellar ataxia	5/143	0.0287773952799969	0.0478112630242469	0	0	3.0383686361947233	10.780633513756245	ATXN2;PRKCB;ITPR3;CIC;PUM2
KEGG_2021_Human	Circadian entrainment	4/97	0.0290749361190089	0.0479282150086788	0	0	3.5997254632807136	12.735392322052707	PRKCB;MAPK1;ITPR3;MAPK3
KEGG_2021_Human	Proximal tubule bicarbonate reclamation	2/23	0.0305080861038094	0.0499008230070061	0	0	7.932489451476793	27.68251224985461	GLUD1;GLS
KEGG_2021_Human	Phospholipase D signaling pathway	5/148	0.0326812765089975	0.0530442257184498	0	0	2.9313848544617773	10.028129662203533	MAP2K2;MAPK1;PLCG1;RAF1;MAPK3
KEGG_2021_Human	Notch signaling pathway	3/59	0.0335682321619362	0.0540679159249507	0	0	4.472987288135593	15.182102212986695	SNW1;HDAC1;EP300
KEGG_2021_Human	TNF signaling pathway	4/112	0.0454901840261117	0.0727153699205271	0	0	3.097399527186761	9.57176587340066	MAPK1;MAP2K7;MAP3K7;MAPK3
KEGG_2021_Human	Base excision repair	2/33	0.0589309986417381	0.0927943336821399	0	0	5.3708996869470536	15.207101105645918	LIG1;UNG
KEGG_2021_Human	Fructose and mannose metabolism	2/33	0.0589309986417381	0.0927943336821399	0	0	5.3708996869470536	15.207101105645918	PFKFB2;PFKL
KEGG_2021_Human	NOD-like receptor signaling pathway	5/181	0.0665160641509947	0.1039621447100732	0	0	2.377743783993784	6.444427021611272	PRKCD;MAPK1;ITPR3;MAP3K7;MAPK3
KEGG_2021_Human	DNA replication	2/36	0.0687136023555049	0.106013428260326	0	0	4.896252171754778	13.111223739422591	LIG1;MCM4
KEGG_2021_Human	RNA degradation	3/79	0.0688333633728183	0.106013428260326	0	0	3.2925401427297056	8.811057096404562	PFKL;PARN;EDC3
KEGG_2021_Human	Alanine, aspartate and glutamate metabolism	2/37	0.072085428904684	0.1102175760789009	0	0	4.756118143459916	12.50813104205171	GLUD1;GLS
KEGG_2021_Human	Dopaminergic synapse	4/132	0.0739328875364284	0.1122290594977439	0	0	2.6107712765957447	6.800008398748846	GSK3A;PPP3CB;PRKCB;ITPR3
KEGG_2021_Human	Transcriptional misregulation in cancer	5/192	0.0809412122891382	0.1219899699500582	0	0	2.236619589560766	5.622933582358558	ZEB1;KMT2A;BCL11B;HDAC1;ITGB7
KEGG_2021_Human	Hypertrophic cardiomyopathy	3/90	0.0931810476840662	0.1394411422789928	0	0	2.874634716540035	6.822114526171452	PRKAA1;ITGB7;EMD
KEGG_2021_Human	Epstein-Barr virus infection	5/202	0.0953851450586978	0.1417342648407411	0	0	2.1220009544882643	4.986346648366704	RB1;SNW1;HDAC1;MAP2K7;MAP3K7
KEGG_2021_Human	Salivary secretion	3/93	0.1003615628676	0.1480859424130322	0	0	2.7783898305084747	6.387451497281029	PRKCB;ITPR3;ATP2B1
KEGG_2021_Human	Retrograde endocannabinoid signaling	4/148	0.1018220611518439	0.1485717649392225	0	0	2.3187943262411346	5.297351695226502	PRKCB;MAPK1;ITPR3;MAPK3
KEGG_2021_Human	IL-17 signaling pathway	3/94	0.1028032117588933	0.1485717649392225	0	0	2.7477183833116037	6.250890841994686	MAPK1;MAP3K7;MAPK3
KEGG_2021_Human	TGF-beta signaling pathway	3/94	0.1028032117588933	0.1485717649392225	0	0	2.7477183833116037	6.250890841994686	EP300;MAPK1;MAPK3
KEGG_2021_Human	Prion disease	6/273	0.1099851711132305	0.1578698714618479	0	0	1.8801176640787	4.150190025868961	PPP3CB;BAD;PRKCD;MAPK1;ITPR3;MAPK3
KEGG_2021_Human	Pancreatic secretion	3/102	0.1231533356185404	0.1755767149696758	0	0	2.524653312788906	5.287444723416737	PRKCB;ITPR3;ATP2B1
KEGG_2021_Human	Hippo signaling pathway	4/163	0.1317079542488503	0.1857939611099339	0	0	2.098434363709354	4.253879569974813	LATS1;APC;NF2;LIMD1
KEGG_2021_Human	Endocrine and other factor-regulated calcium reabsorption	2/53	0.132081015007062	0.1857939611099339	0	0	3.261355174981385	6.602091065071428	PRKCB;ATP2B1
KEGG_2021_Human	Non-homologous end-joining	1/13	0.1447251783776339	0.2022318717727203	0	0	6.9149159663865545	13.365970079487044	PRKDC
KEGG_2021_Human	Thermogenesis	5/232	0.1457931567476914	0.2023839215379137	0	0	1.838736398207764	3.5406090202190708	RPTOR;RPS6KA3;PRKAA1;RPS6KA1;SMARCA4
KEGG_2021_Human	Viral myocarditis	2/60	0.1609756060818123	0.2219990384526954	0	0	2.8667248654153936	5.236079962914746	EIF4G3;EIF4G1
KEGG_2021_Human	Cytosolic DNA-sensing pathway	2/63	0.173688082594738	0.2364399059838046	0	0	2.7253233727606005	4.770662804058933	TREX1;ADAR
KEGG_2021_Human	Lysine degradation	2/63	0.173688082594738	0.2364399059838046	0	0	2.7253233727606005	4.770662804058933	KMT2A;EZH2
KEGG_2021_Human	Nitrogen metabolism	1/17	0.1849088761446193	0.2501011081186839	0	0	5.185136554621849	8.751951217911714	GLUD1
KEGG_2021_Human	Glycolysis / Gluconeogenesis	2/67	0.1908748886930651	0.2565261242945015	0	0	2.557091853294385	4.234894682727665	PFKL;GAPDH
KEGG_2021_Human	Adipocytokine signaling pathway	2/69	0.1995520218555256	0.2648143183114207	0	0	2.480508848164242	3.9977872829204073	PRKAA1;PRKCQ
KEGG_2021_Human	Renin secretion	2/69	0.1995520218555256	0.2648143183114207	0	0	2.480508848164242	3.9977872829204073	PPP3CB;ITPR3
KEGG_2021_Human	Epithelial cell signaling in Helicobacter pylori infection	2/70	0.2039082484406238	0.2689040026310728	0	0	2.4439066765946884	3.8860197116466417	PLCG1;GIT1
KEGG_2021_Human	Thyroid hormone synthesis	2/75	0.2258309667558302	0.295964807363231	0	0	2.2759378070631757	3.3865237518081033	PRKCB;ITPR3
KEGG_2021_Human	Gastric acid secretion	2/76	0.2302379989764939	0.2980381459143572	0	0	2.2450678526627894	3.297200328174105	PRKCB;ITPR3
KEGG_2021_Human	Pertussis	2/76	0.2302379989764939	0.2980381459143572	0	0	2.2450678526627894	3.297200328174105	MAPK1;MAPK3
KEGG_2021_Human	Terpenoid backbone biosynthesis	1/22	0.2325044957480438	0.298487091295348	0	0	3.9495798319327737	5.7618276240987045	HMGCR
KEGG_2021_Human	Arrhythmogenic right ventricular cardiomyopathy	2/77	0.2346506701946018	0.298487091295348	0	0	2.2150210970464137	3.211021681518114	ITGB7;EMD
KEGG_2021_Human	Ubiquitin mediated proteolysis	3/140	0.2348287068958662	0.298487091295348	0	0	1.820858592106891	2.638240079342768	CUL4A;CBLB;ANAPC2
KEGG_2021_Human	Mismatch repair	1/23	0.2416861535305365	0.3053639424846899	0	0	3.7698624904507256	5.35363932900647	LIG1
KEGG_2021_Human	Cell adhesion molecules	3/148	0.2603652750378028	0.3270063871010499	0	0	1.7196960841613091	2.314142965133881	SPN;PECAM1;ITGB7
KEGG_2021_Human	Adrenergic signaling in cardiomyocytes	3/150	0.2668083000324756	0.331156184157955	0	0	1.6961259079903148	2.2409637083007783	MAPK1;ATP2B1;MAPK3
KEGG_2021_Human	Spliceosome	3/150	0.2668083000324756	0.331156184157955	0	0	1.6961259079903148	2.2409637083007783	SNW1;SF3A2;HNRNPA1
KEGG_2021_Human	Insulin secretion	2/86	0.274498544961631	0.3387087309175681	0	0	1.9767932489451476	2.555616733444426	PRKCB;ITPR3
KEGG_2021_Human	GABAergic synapse	2/89	0.2877824297430736	0.3530354225336542	0	0	1.9083369707551288	2.3769301379854837	PRKCB;GLS
KEGG_2021_Human	Ribosome	3/158	0.2927467519969268	0.3570495067708183	0	0	1.6079278294149808	1.9752547153928923	RPS14;RPS9;RPL29
KEGG_2021_Human	Pentose phosphate pathway	1/30	0.3029665219521898	0.3673904375397244	0	0	2.858881483627934	3.4138846317300957	PFKL
KEGG_2021_Human	JAK-STAT signaling pathway	3/162	0.3057851388044117	0.368689510215605	0	0	1.5671570195075153	1.8568813879114576	EP300;PTPN6;RAF1
KEGG_2021_Human	Circadian rhythm	1/31	0.3113085720112596	0.3711079587252869	0	0	2.7634453781512605	3.224859692673836	PRKAA1
KEGG_2021_Human	Galactose metabolism	1/31	0.3113085720112596	0.3711079587252869	0	0	2.7634453781512605	3.224859692673836	PFKL
KEGG_2021_Human	Dilated cardiomyopathy	2/96	0.3186487024821755	0.377724023728871	0	0	1.7655983481461532	2.0192548519011915	ITGB7;EMD
KEGG_2021_Human	Nicotinate and nicotinamide metabolism	1/35	0.3436942581609683	0.402013606350909	0	0	2.4378398418190805	2.6036197800069822	SIRT1
KEGG_2021_Human	Amoebiasis	2/102	0.3448552736943817	0.402013606350909	0	0	1.65915611814346	1.7663881188757449	PRKCB;RAB5A
KEGG_2021_Human	Chagas disease	2/102	0.3448552736943817	0.402013606350909	0	0	1.65915611814346	1.7663881188757449	MAPK1;MAPK3
KEGG_2021_Human	African trypanosomiasis	1/37	0.3593137751237664	0.4165670689621688	0	0	2.3021708683473388	2.3564082800502475	PRKCB
KEGG_2021_Human	Primary immunodeficiency	1/38	0.3669841524790936	0.4231347331862773	0	0	2.2398364751305926	2.2452940900630973	UNG
KEGG_2021_Human	Porphyrin and chlorophyll metabolism	1/43	0.4039857947989406	0.4632663190357418	0	0	1.972689075630252	1.7879971716034049	EPRS1
KEGG_2021_Human	Vasopressin-regulated water reabsorption	1/44	0.4111234972089129	0.4689030157355708	0	0	1.9267148719953096	1.712582921269869	RAB5A
KEGG_2021_Human	Basal transcription factors	1/45	0.418176073643867	0.4743825351551395	0	0	1.8828304048892284	1.6415507840748562	TAF1
KEGG_2021_Human	Carbohydrate digestion and absorption	1/47	0.4320298806176431	0.4874775658306027	0	0	1.8007855316039458	1.5113282107268975	PRKCB
KEGG_2021_Human	Diabetic cardiomyopathy	3/203	0.4382463997240983	0.4899141987782549	0	0	1.243283898305085	1.0256768538365035	PRKCB;PRKCD;GAPDH
KEGG_2021_Human	Intestinal immune network for IgA production	1/48	0.4388330974838396	0.4899141987782549	0	0	1.7623815483640264	1.4515611113115576	ITGB7
KEGG_2021_Human	Malaria	1/50	0.4521970360135466	0.4995475109887871	0	0	1.6902761104441777	1.3414661241804442	PECAM1
KEGG_2021_Human	Vibrio cholerae infection	1/50	0.4521970360135466	0.4995475109887871	0	0	1.6902761104441777	1.3414661241804442	PLCG1
KEGG_2021_Human	Huntington disease	4/306	0.4986543321817402	0.5480003338038916	0	0	1.0967451035648863	0.7631614646714923	HDAC1;HTT;EP300;MAP2K7
KEGG_2021_Human	Mineral absorption	1/60	0.5144094863809642	0.5623855006548365	0	0	1.4030764848312207	0.9326749796094828	ATP2B1
KEGG_2021_Human	Basal cell carcinoma	1/63	0.5316626527150177	0.5782516480560244	0	0	1.3349823800487937	0.8433699151176832	APC
KEGG_2021_Human	Cortisol synthesis and secretion	1/65	0.5428242318495101	0.5873636560012647	0	0	1.2931328781512603	0.7900650191690904	ITPR3
KEGG_2021_Human	Aminoacyl-tRNA biosynthesis	1/66	0.5483052811426617	0.5902674200056205	0	0	1.2731738849385907	0.7650795529221511	EPRS1
KEGG_2021_Human	Non-alcoholic fatty liver disease	2/155	0.5549720628900142	0.5944117018771218	0	0	1.081492512616861	0.63682335133225	GSK3A;PRKAA1
KEGG_2021_Human	Mitophagy	1/68	0.5590718362610257	0.5957785729852345	0	0	1.2350432710397592	0.7181496335022473	OPTN
KEGG_2021_Human	RIG-I-like receptor signaling pathway	1/70	0.5695828080069966	0.6039295099973683	0	0	1.1991231275118743	0.6749277736480548	MAP3K7
KEGG_2021_Human	PPAR signaling pathway	1/74	0.5898620285379543	0.6223044401075418	0	0	1.133187521583976	0.5981718661253655	PDPK1
KEGG_2021_Human	Protein processing in endoplasmic reticulum	2/171	0.6084662251433406	0.6387381766430092	0	0	0.9783037475345168	0.4860348739791474	EIF2AK4;MAP2K7
KEGG_2021_Human	Taste transduction	1/86	0.6451656084856591	0.673910610843931	0	0	0.9726149283242708	0.4262467783968463	ITPR3
KEGG_2021_Human	ECM-receptor interaction	1/88	0.6536318439332276	0.679390734334537	0	0	0.9501593740944654	0.4040182326259376	ITGB7
KEGG_2021_Human	Bile secretion	1/90	0.6618969018634979	0.6846090504568533	0	0	0.9287130582570108	0.3832292387783182	HMGCR
KEGG_2021_Human	Morphine addiction	1/91	0.6659554813144423	0.6854468612553528	0	0	0.9183473389355742	0.3733379987445302	PRKCB
KEGG_2021_Human	Small cell lung cancer	1/92	0.6699655428800437	0.6862268424645108	0	0	0.9082094376212024	0.3637642146230748	RB1
KEGG_2021_Human	Parkinson disease	2/249	0.8008351204955106	0.8163101952876944	0	0	0.6667008319240164	0.1480743848971125	ITPR3;PLCG1
KEGG_2021_Human	Phagosome	1/152	0.8402759842957686	0.8523953494538805	0	0	0.545661973398631	0.0949587640102786	RAB5A
KEGG_2021_Human	Necroptosis	1/159	0.8532642630847046	0.8614294713438884	0	0	0.5213009254334645	0.0827231456991143	GLUD1
KEGG_2021_Human	Herpes simplex virus 1 infection	3/498	0.9391480324516328	0.9436201659394978	0	0	0.4947611710323574	0.0310621765629606	BAD;EIF2AK4;MAP3K7
KEGG_2021_Human	Cytokine-cytokine receptor interaction	1/295	0.971925638434807	0.971925638434807	0	0	0.2782112845138055	0.0079223392841141	IL16
GO_Molecular_Function_2021	Long-term potentiation	12/67	2.158490683713366e-11	2.674967775544565e-09	0	0	18.94048858630357	465.1599668533875	RPS6KA3;PPP3CB;MAP2K2;PRKCB;CAMK4;RPS6KA1;EP300;MAPK1;ITPR3;BRAF;RAF1;MAPK3
GO_Molecular_Function_2021	T cell receptor signaling pathway	14/104	2.5355144791891616e-11	2.674967775544565e-09	0	0	13.599703703703703	331.8061075544025	MAP2K2;PDPK1;NFATC2;CBLB;PPP3CB;MAPK1;PRKCQ;PTPN6;PLCG1;RAF1;MAP2K7;MAP3K7;PAK2;MAPK3
GO_Molecular_Function_2021	Regulation of actin cytoskeleton	18/218	1.4689127322221636e-10	8.48960885397944e-09	0	0	7.966018099547512	180.36123215690208	MAP2K2;PPP1R12A;LIMK1;BRAF;ARHGAP35;FGD3;DIAPH3;APC;TMSB4X;MYH9;MAPK1;ITGB7;ARHGEF7;RAF1;PAK2;WASF2;GIT1;MAPK3
GO_Molecular_Function_2021	Neurotrophin signaling pathway	14/119	1.6094045220814105e-10	8.48960885397944e-09	0	0	11.648	262.6622448651937	MAP2K2;PDPK1;BAD;PRKCD;BRAF;RPS6KA3;CAMK4;RPS6KA1;RAPGEF1;MAPK1;PLCG1;RAF1;MAP2K7;MAPK3
GO_Molecular_Function_2021	mTOR signaling pathway	15/154	5.254791467326415e-10	2.2175219992117477e-08	0	0	9.45304470709147	201.98047063145077	PRKAA1;MAP2K2;PRKCB;PDPK1;BRAF;RPTOR;RPS6KA3;CLIP1;RPS6KA1;MAPK1;RICTOR;LAMTOR1;RAF1;EIF4B;MAPK3
GO_Molecular_Function_2021	Thyroid hormone signaling pathway	13/121	2.291511781913877e-09	8.058483099730467e-08	0	0	10.46742871189774	208.23959277275907	PFKFB2;MED1;MAP2K2;PRKCB;PDPK1;HDAC1;BAD;PFKL;EP300;MAPK1;PLCG1;RAF1;MAPK3
GO_Molecular_Function_2021	ErbB signaling pathway	11/85	5.525966193051661e-09	1.6656840953341433e-07	0	0	12.835289236605028	244.04772168142952	MAP2K2;PRKCB;BAD;MAPK1;CBLB;BRAF;PLCG1;RAF1;MAP2K7;PAK2;MAPK3
GO_Molecular_Function_2021	Non-small cell lung cancer	10/72	1.3789423785039887e-08	3.6369605233042706e-07	0	0	13.874489364699253	251.11943236848697	RB1;MAP2K2;PDPK1;PRKCB;BAD;MAPK1;BRAF;PLCG1;RAF1;MAPK3
GO_Molecular_Function_2021	Glioma	10/75	2.0660057913449257e-08	4.843635799708659e-07	0	0	13.23211286530064	234.1430783181128	RB1;MAP2K2;PRKCB;CAMK4;MAPK1;BRAF;PLCG1;CAMK1;RAF1;MAPK3
GO_Molecular_Function_2021	VEGF signaling pathway	9/59	3.194041333161989e-08	6.739427212971798e-07	0	0	15.426	266.2434080394241	PPP3CB;MAP2K2;PRKCB;BAD;MAPK1;NFATC2;PLCG1;RAF1;MAPK3
GO_Molecular_Function_2021	Human immunodeficiency virus 1 infection	15/212	4.1917801735823786e-08	7.581068939354259e-07	0	0	6.6501994198694705	112.97062998752882	MAP2K2;PRKCB;BAD;LIMK1;NFATC2;ITPR3;CUL4A;PPP3CB;MAPK1;PLCG1;RAF1;MAP2K7;PAK2;MAP3K7;MAPK3
GO_Molecular_Function_2021	Oxytocin signaling pathway	13/154	4.3115084015284894e-08	7.581068939354259e-07	0	0	8.004142346074186	135.7453950659921	PRKAA1;MAP2K2;PPP1R12A;PRKCB;NFATC2;ITPR3;EEF2;PPP3CB;CAMK4;MAPK1;CAMK1;RAF1;MAPK3
GO_Molecular_Function_2021	Autophagy	12/137	9.58295478965487e-08	1.3480023070781183e-06	0	0	8.304211453744493	134.20182657933515	RPTOR;PRKAA1;MAP2K2;PDPK1;BAD;PRKCD;MAPK1;PRKCQ;EIF2AK4;RAF1;MAP3K7;MAPK3
GO_Molecular_Function_2021	Insulin signaling pathway	12/137	9.58295478965487e-08	1.3480023070781183e-06	0	0	8.304211453744493	134.20182657933515	RPTOR;PRKAA1;MAP2K2;PDPK1;BAD;MKNK1;RAPGEF1;MAPK1;CBLB;BRAF;RAF1;MAPK3
GO_Molecular_Function_2021	Yersinia infection	12/137	9.58295478965487e-08	1.3480023070781183e-06	0	0	8.304211453744493	134.20182657933515	RPS6KA3;MAP2K2;RPS6KA1;LIMK1;NFATC2;MAPK1;PLCG1;MAP2K7;ARHGEF7;MAP3K7;WASF2;MAPK3
GO_Molecular_Function_2021	Renal cell carcinoma	9/69	1.2986476954236193e-07	1.712591648339898e-06	0	0	12.848478260869566	203.73539241358253	MAP2K2;BAD;RAPGEF1;EP300;MAPK1;BRAF;RAF1;PAK2;MAPK3
GO_Molecular_Function_2021	Fc gamma R-mediated phagocytosis	10/97	2.49186977888203e-07	2.92102512968949e-06	0	0	9.875018822466496	150.1502764790309	VASP;PRKCB;PRKCD;LIMK1;MAPK1;ASAP1;PLCG1;RAF1;WASF2;MAPK3
GO_Molecular_Function_2021	Prostate cancer	10/97	2.49186977888203e-07	2.92102512968949e-06	0	0	9.875018822466496	150.1502764790309	RB1;MAP2K2;ZEB1;PDPK1;BAD;EP300;MAPK1;BRAF;RAF1;MAPK3
GO_Molecular_Function_2021	Endometrial cancer	8/58	4.236140950553872e-07	4.70434600298351e-06	0	0	13.652640692640691	200.3448969518106	MAP2K2;APC;PDPK1;BAD;MAPK1;BRAF;RAF1;MAPK3
GO_Molecular_Function_2021	MAPK signaling pathway	16/294	5.423103712919799e-07	5.713648383682235e-06	0	0	5.0283575829919025	72.5462637618964	MAP2K2;PRKCB;BRAF;RPS6KA3;PPP3CB;MKNK1;STMN1;RPS6KA1;NF1;MAPK1;RAF1;MAP2K7;PAK2;MAP3K7;MAP4K4;MAPK3
GO_Molecular_Function_2021	Vascular smooth muscle contraction	11/133	5.910936734944233e-07	5.713648383682235e-06	0	0	7.766357492090883	111.379595383387	MAP2K2;PPP1R12A;PRKCB;PRKCD;MYH9;MAPK1;PRKCQ;ITPR3;BRAF;RAF1;MAPK3
GO_Molecular_Function_2021	Hepatitis B	12/162	5.95735850431323e-07	5.713648383682235e-06	0	0	6.91136563876652	99.0638414824101	RB1;MAP2K2;PRKCB;BAD;EP300;NFATC2;MAPK1;BRAF;RAF1;MAP2K7;MAP3K7;MAPK3
GO_Molecular_Function_2021	Focal adhesion	13/201	9.495855614751424e-07	8.711415368315437e-06	0	0	5.988726228582188	83.04710509549976	VASP;PPP1R12A;PRKCB;PDPK1;BAD;BRAF;ARHGAP35;RAPGEF1;MAPK1;ITGB7;RAF1;PAK2;MAPK3
GO_Molecular_Function_2021	PD-L1 expression and PD-1 checkpoint pathway in cancer	9/89	1.1840031929776502e-06	1.000641363330581e-05	0	0	9.626576086956522	131.3701229935264	PPP3CB;MAP2K2;MAPK1;NFATC2;PRKCQ;PTPN6;PLCG1;RAF1;MAPK3
GO_Molecular_Function_2021	Proteoglycans in cancer	13/205	1.185594032382205e-06	1.000641363330581e-05	0	0	5.862762721238938	79.99896043667235	MAP2K2;PPP1R12A;PRKCB;PDPK1;BRAF;ITPR3;HCLS1;MAPK1;PTPN6;PLCG1;RAF1;EIF4B;MAPK3
GO_Molecular_Function_2021	Chronic myeloid leukemia	8/76	3.464054416734741e-06	2.8112133920424244e-05	0	0	10.029539088362618	126.10210563275326	RB1;MAP2K2;HDAC1;BAD;MAPK1;BRAF;RAF1;MAPK3
GO_Molecular_Function_2021	Natural killer cell mediated cytotoxicity	10/131	4.010737473778562e-06	3.1343170628417646e-05	0	0	7.08794976361471	88.07865882734195	PPP3CB;MAP2K2;PRKCB;NFATC2;MAPK1;BRAF;PTPN6;PLCG1;RAF1;MAPK3
GO_Molecular_Function_2021	MicroRNAs in cancer	15/310	5.2383306273153585e-06	3.947456294155502e-05	0	0	4.418734866828087	53.72964060635968	MAP2K2;PRKCB;HDAC1;SIRT1;GLS;RPTOR;ZEB1;APC;STMN1;EP300;MAPK1;PLCG1;RAF1;EZH2;MAPK3
GO_Molecular_Function_2021	cGMP-PKG signaling pathway	11/167	5.535529732801818e-06	3.94824764862231e-05	0	0	6.0631747638326585	73.39062750742274	VASP;PPP3CB;MAP2K2;PPP1R12A;BAD;NFATC2;MAPK1;ITPR3;ATP2B1;RAF1;MAPK3
GO_Molecular_Function_2021	B cell receptor signaling pathway	8/81	5.613622249226034e-06	3.94824764862231e-05	0	0	9.34021229911641	112.92610297480076	PPP3CB;MAP2K2;PRKCB;MAPK1;NFATC2;PTPN6;RAF1;MAPK3
GO_Molecular_Function_2021	Hepatocellular carcinoma	11/168	5.861804344036529e-06	3.989808763199057e-05	0	0	6.024248519387641	72.57444175987996	RB1;MAP2K2;APC;PRKCB;BAD;MAPK1;BRAF;PLCG1;RAF1;SMARCA4;MAPK3
GO_Molecular_Function_2021	HIF-1 signaling pathway	9/109	6.457594376208331e-06	4.257976291812368e-05	0	0	7.693434782608696	91.93849745432183	PFKL;MAP2K2;PRKCB;MKNK1;EP300;MAPK1;PLCG1;GAPDH;MAPK3
GO_Molecular_Function_2021	Long-term depression	7/60	7.180697273522616e-06	4.591294317312945e-05	0	0	11.219583604424203	132.88602798736176	MAP2K2;PRKCB;MAPK1;ITPR3;BRAF;RAF1;MAPK3
GO_Molecular_Function_2021	Bladder cancer	6/41	8.664651179789056e-06	5.3071833053098536e-05	0	0	14.513304721030044	169.1708372044096	RB1;MAP2K2;MAPK1;BRAF;RAF1;MAPK3
GO_Molecular_Function_2021	Shigellosis	13/246	8.803384629660895e-06	5.3071833053098536e-05	0	0	4.8209958600782405	56.11819627833588	GSK3A;PRKCD;ITPR3;SEPTIN9;RPTOR;HCLS1;MAPK1;PRKCQ;PLCG1;ARHGEF2;MAP3K7;WASF2;MAPK3
GO_Molecular_Function_2021	AMPK signaling pathway	9/120	1.4136849083077878e-05	8.285764323692867e-05	0	0	6.927144535840188	77.35352332780641	PFKFB2;RPTOR;PRKAA1;PFKL;PDPK1;HMGCR;EEF2;MAP3K7;SIRT1
GO_Molecular_Function_2021	GnRH signaling pathway	8/93	1.5718014585282476e-05	8.963516425661088e-05	0	0	8.016704863763687	88.67039215872737	MAP2K2;PRKCB;PRKCD;MAPK1;ITPR3;RAF1;MAP2K7;MAPK3
GO_Molecular_Function_2021	Fc epsilon RI signaling pathway	7/68	1.6621602816234517e-05	9.229363669014428e-05	0	0	9.744205765969474	107.23310707913532	MAP2K2;PDPK1;MAPK1;PLCG1;RAF1;MAP2K7;MAPK3
GO_Molecular_Function_2021	Kaposi sarcoma-associated herpesvirus infection	11/193	2.1705193814714515e-05	0.000117430663971917	0	0	5.190114709851552	55.7312388546163	RB1;PPP3CB;MAP2K2;NFATC2;EP300;MAPK1;ITPR3;PLCG1;RAF1;MAP2K7;MAPK3
GO_Molecular_Function_2021	Choline metabolism in cancer	8/98	2.307579930363885e-05	0.00012172484132669492	0	0	7.56940836940837	80.81650019289609	MAP2K2;PRKCB;PDPK1;MAPK1;PLCG1;RAF1;WASF2;MAPK3
GO_Molecular_Function_2021	Melanoma	7/72	2.4255020273387763e-05	0.000124824616528898	0	0	9.142705570291778	97.15849842507356	RB1;MAP2K2;BAD;MAPK1;BRAF;RAF1;MAPK3
GO_Molecular_Function_2021	Pathogenic Escherichia coli infection	11/197	2.624485350051947e-05	0.00013184914496689544	0	0	5.077461799660441	53.5572734376313	NCL;HCLS1;MYH9;MAPK1;PTPN6;ARHGEF2;PAK2;MAP3K7;GAPDH;WASF2;MAPK3
GO_Molecular_Function_2021	FoxO signaling pathway	9/131	2.8531188301886516e-05	0.00014000187748135012	0	0	6.29903777619387	65.91636107539131	PRKAA1;MAP2K2;PDPK1;EP300;MAPK1;BRAF;RAF1;SIRT1;MAPK3
GO_Molecular_Function_2021	C-type lectin receptor signaling pathway	8/104	3.5521464776128135e-05	0.0001703415697218872	0	0	7.0941558441558445	72.68227559978318	PPP3CB;PRKCD;NFATC2;MAPK1;CBLB;ITPR3;RAF1;MAPK3
GO_Molecular_Function_2021	Rap1 signaling pathway	11/210	4.712214313711237e-05	0.00022095049337623803	0	0	4.742616591730583	47.249586621094934	VASP;MAP2K2;PRKCB;RAPGEF1;MAPK1;BRAF;EVL;PLCG1;RAF1;RAPGEF6;MAPK3
GO_Molecular_Function_2021	Axon guidance	10/182	6.995481244747647e-05	0.00032087968318298993	0	0	4.973342134660303	47.58325188396415	PPP3CB;SEMA4D;PDPK1;LIMK1;NFATC2;MAPK1;PLCG1;RAF1;PAK2;MAPK3
GO_Molecular_Function_2021	Thyroid cancer	5/37	7.455120902716367e-05	0.00033468734265386244	0	0	13.173744658119658	125.20358934244727	MAP2K2;TPR;MAPK1;BRAF;MAPK3
GO_Molecular_Function_2021	Colorectal cancer	7/86	7.679539175734697e-05	0.0003375797429333377	0	0	7.517132256656482	71.22006168942474	MAP2K2;APC;BAD;MAPK1;BRAF;RAF1;MAPK3
GO_Molecular_Function_2021	Growth hormone synthesis, secretion and action	8/119	9.278331383036326e-05	0.00039953631057564585	0	0	6.130806130806131	56.926029260721016	MAP2K2;PRKCB;EP300;MAPK1;ITPR3;PLCG1;RAF1;MAPK3
GO_Molecular_Function_2021	Chemokine signaling pathway	10/192	0.00010911782938694684	0.000459996176808363	0	0	4.697682230433323	42.85734140102182	GSK3A;PRKCB;BAD;PRKCD;MAPK1;BRAF;PLCG1;RAF1;DOCK2;MAPK3
GO_Molecular_Function_2021	Cellular senescence	9/156	0.00011118391003424888	0.000459996176808363	0	0	5.221118012422361	47.534754624803355	RB1;PPP3CB;MAP2K2;NFATC2;MAPK1;ITPR3;RAF1;SIRT1;MAPK3
GO_Molecular_Function_2021	GnRH secretion	6/64	0.00011490907094918542	0.0004647469032759891	0	0	8.747817078585172	79.35468042378866	MAP2K2;PRKCB;MAPK1;ITPR3;RAF1;MAPK3
GO_Molecular_Function_2021	Hepatitis C	9/157	0.00011673737380866076	0.0004647469032759891	0	0	5.185575793184489	46.958416221690634	RB1;MAP2K2;BAD;MAPK1;BRAF;EIF3E;EIF2AK4;RAF1;MAPK3
GO_Molecular_Function_2021	Acute myeloid leukemia	6/67	0.00014846156596853326	0.0005800998225807503	0	0	8.31633012031239	73.30998394306273	MAP2K2;BAD;MAPK1;BRAF;RAF1;MAPK3
GO_Molecular_Function_2021	Central carbon metabolism in cancer	6/70	0.00018933294277005455	0.0007263500168087549	0	0	7.925295064377682	67.93565695705004	PFKL;MAP2K2;MAPK1;RAF1;GLS;MAPK3
GO_Molecular_Function_2021	Progesterone-mediated oocyte maturation	7/100	0.00019865002300106143	0.0007323062799122926	0	0	6.380978865406007	54.391246639669355	RPS6KA3;RPS6KA1;MAPK1;BRAF;RAF1;ANAPC2;MAPK3
GO_Molecular_Function_2021	Pathways of neurodegeneration	16/475	0.0002029613799727338	0.0007323062799122926	0	0	3.0172044901667694	25.65376561931145	MAP2K2;BAD;PRKCB;HTT;BRAF;ITPR3;PPP3CB;ATXN2;APC;MAPK1;PLCG1;RAF1;MAP2K7;RAB5A;OPTN;MAPK3
GO_Molecular_Function_2021	Tight junction	9/169	0.00020361690034798933	0.0007323062799122926	0	0	4.793722826086957	40.74314589420955	VASP;PRKAA1;HCLS1;MYH9;NF2;ARHGEF2;MAP2K7;YBX3;RAPGEF6
GO_Molecular_Function_2021	Adherens junction	6/71	0.00020476810670533305	0.0007323062799122926	0	0	7.802971277649389	66.27556970617947	EP300;MAPK1;PTPN6;MAP3K7;WASF2;MAPK3
GO_Molecular_Function_2021	cAMP signaling pathway	10/216	0.00028392910826709216	0.0009984840307392742	0	0	4.14529189807945	33.85371171371573	MAP2K2;PPP1R12A;BAD;CAMK4;EP300;MAPK1;BRAF;ATP2B1;RAF1;MAPK3
GO_Molecular_Function_2021	Pancreatic cancer	6/76	0.00029745275793497495	0.0010288939659717	0	0	7.2437768240343345	58.821316006091415	RB1;BAD;MAPK1;BRAF;RAF1;MAPK3
GO_Molecular_Function_2021	Insulin resistance	7/108	0.00031923769395683025	0.0010864379584659	0	0	5.873164902697166	47.276479084168066	RPS6KA3;PRKAA1;PRKCB;PDPK1;RPS6KA1;PRKCD;PRKCQ
GO_Molecular_Function_2021	RNA transport	9/186	0.00041338015895004435	0.0013844954529914	0	0	4.329550478997789	33.732146503502555	EIF5B;TPR;EIF3G;TACC3;NUP153;EIF3E;EIF4G3;EIF4B;EIF4G1
GO_Molecular_Function_2021	Ras signaling pathway	10/232	0.0004990733553618199	0.0016453824684585	0	0	3.843384869585743	29.22032302073191	MAP2K2;PRKCB;BAD;NF1;MAPK1;PLCG1;RAF1;PAK2;RAB5A;MAPK3
GO_Molecular_Function_2021	Cushing syndrome	8/155	0.000563791322876101	0.0018301533711824	0	0	4.620902906617192	34.568172316254056	RB1;MAP2K2;KMT2A;APC;MAPK1;ITPR3;BRAF;MAPK3
GO_Molecular_Function_2021	Gap junction	6/88	0.0006547683875319055	0.0020932746934732	0	0	6.179943473254475	45.30658075809261	MAP2K2;PRKCB;MAPK1;ITPR3;RAF1;MAPK3
GO_Molecular_Function_2021	Platelet activation	7/124	0.0007337878817933799	0.0023108842247522	0	0	5.0658709106984965	36.5618623044834	VASP;PPP1R12A;STIM1;MAPK1;ITPR3;ARHGAP35;MAPK3
GO_Molecular_Function_2021	Th1 and Th2 cell differentiation	6/92	0.0008281471529215665	0.0025696919009772	0	0	5.8913065176165285	41.80659449056751	PPP3CB;MAPK1;NFATC2;PRKCQ;PLCG1;MAPK3
GO_Molecular_Function_2021	Osteoclast differentiation	7/127	0.0008452152675579472	0.0025846437891989	0	0	4.938469827586207	34.94421351383752	PPP3CB;CAMK4;NFATC2;MAPK1;MAP2K7;MAP3K7;MAPK3
GO_Molecular_Function_2021	Salmonella infection	10/249	0.0008609784769785091	0.0025952351234637	0	0	3.566899928742395	25.173185983881165	MAP2K2;AHNAK;MAPK1;RAF1;MAP2K7;PIK3C2A;MAP3K7;RAB5A;GAPDH;MAPK3
GO_Molecular_Function_2021	Oocyte meiosis	7/129	0.0009266318393193704	0.0027537932126251	0	0	4.857016676088185	33.92118213159845	RPS6KA3;PPP3CB;RPS6KA1;MAPK1;ITPR3;ANAPC2;MAPK3
GO_Molecular_Function_2021	Aldosterone-regulated sodium reabsorption	4/37	0.0009635676503269898	0.0028237885308193	0	0	10.175628626692456	70.66839619941261	PDPK1;PRKCB;MAPK1;MAPK3
GO_Molecular_Function_2021	Phosphatidylinositol signaling system	6/97	0.0010923716672411	0.0031574030381901	0	0	5.566193463189172	37.95812255182081	PRKCB;ITPR3;PLCG1;PIK3C2A;PI4K2A;MTM1
GO_Molecular_Function_2021	Lipid and atherosclerosis	9/215	0.001162212670291	0.0033138766679919	0	0	3.7145420008442382	25.100756127845052	PPP3CB;PDPK1;BAD;NFATC2;MAPK1;PLCG1;MAP2K7;MAP3K7;MAPK3
GO_Molecular_Function_2021	Apelin signaling pathway	7/137	0.0013160184917994	0.0037023986902625	0	0	4.556266578249337	30.222374114083884	PRKAA1;MAP2K2;CAMK4;MAPK1;ITPR3;RAF1;MAPK3
GO_Molecular_Function_2021	Melanogenesis	6/101	0.001346779158317	0.0037390842421698	0	0	5.330743166930201	35.23642207556122	MAP2K2;PRKCB;EP300;MAPK1;RAF1;MAPK3
GO_Molecular_Function_2021	D-Glutamine and D-glutamate metabolism	2/5	0.0013886814965131	0.0038053479969386	0	0	55.57805907172996	365.67031218383914	GLUD1;GLS
GO_Molecular_Function_2021	Amphetamine addiction	5/69	0.001410069256041	0.0038144181157006	0	0	6.576188568376068	43.16686761284341	PPP3CB;PRKCB;HDAC1;CAMK4;SIRT1
GO_Molecular_Function_2021	Amyotrophic lateral sclerosis	12/364	0.0015087053652669	0.0040295801528015	0	0	2.914847817380857	18.93631866837795	SETX;PPP3CB;ATXN2;BAD;HNRNPA2B1;TPR;NUP153;ITPR3;MATR3;HNRNPA1;RAB5A;OPTN
GO_Molecular_Function_2021	Human cytomegalovirus infection	9/225	0.0015917989954272	0.0041983698504393	0	0	3.5407608695652173	22.812734423007097	RB1;PPP3CB;MAP2K2;PRKCB;NFATC2;MAPK1;ITPR3;RAF1;MAPK3
GO_Molecular_Function_2021	Apoptosis	7/142	0.0016177500933311	0.0042141391320106	0	0	4.38639846743295	28.19015004909805	MAP2K2;PDPK1;BAD;MAPK1;ITPR3;RAF1;MAPK3
GO_Molecular_Function_2021	Parathyroid hormone synthesis, secretion and action	6/106	0.001725682122483	0.0044404747298038	0	0	5.062918454935622	32.21095993717796	PRKCB;MAPK1;ITPR3;BRAF;RAF1;MAPK3
GO_Molecular_Function_2021	Glucagon signaling pathway	6/107	0.0018102833318787	0.0045472593217429	0	0	5.0125355883227805	31.65051265823672	PPP3CB;PRKAA1;PFKL;EP300;ITPR3;SIRT1
GO_Molecular_Function_2021	Th17 cell differentiation	6/107	0.0018102833318787	0.0045472593217429	0	0	5.0125355883227805	31.65051265823672	PPP3CB;NFATC2;MAPK1;PRKCQ;PLCG1;MAPK3
GO_Molecular_Function_2021	Coronavirus disease	9/232	0.0019621355570398	0.0048353163763257	0	0	3.428387599922012	21.371614619810508	RPS14;RPS9;PRKCB;MAPK1;ADAR;PLCG1;RPL29;MAP3K7;MAPK3
GO_Molecular_Function_2021	Breast cancer	7/147	0.0019707924567014	0.0048353163763257	0	0	4.228663793103448	26.341698057193643	RB1;MAP2K2;APC;MAPK1;BRAF;RAF1;MAPK3
GO_Molecular_Function_2021	Neutrophil extracellular trap formation	8/189	0.0020180792198757	0.0048944220160204	0	0	3.7463825309129177	23.248585530383764	MAP2K2;PRKCB;HDAC1;MAPK1;PLCG1;RAF1;MAP3K7;MAPK3
GO_Molecular_Function_2021	Gastric cancer	7/149	0.0021276311623184	0.0051014792641952	0	0	4.168680184555609	25.64883053299983	RB1;MAP2K2;APC;MAPK1;BRAF;RAF1;MAPK3
GO_Molecular_Function_2021	Leishmaniasis	5/77	0.0022952080751474	0.0054414483579338	0	0	5.843126780626781	35.50828279870291	PRKCB;MAPK1;PTPN6;MAP3K7;MAPK3
GO_Molecular_Function_2021	Serotonergic synapse	6/113	0.0023857181819492	0.0055609414910111	0	0	4.7300148409610525	28.561036120451604	PRKCB;MAPK1;ITPR3;BRAF;RAF1;MAPK3
GO_Molecular_Function_2021	Chemical carcinogenesis	9/239	0.0023983207378294	0.0055609414910111	0	0	3.322854442344046	20.04673592267364	RB1;RPS6KA3;MAP2K2;PRKCB;BAD;RPS6KA1;MAPK1;RAF1;MAPK3
GO_Molecular_Function_2021	Calcium signaling pathway	9/240	0.0024664664603072	0.0056567872078785	0	0	3.308300395256917	19.866240441075604	PPP3CB;STIM1;PRKCB;STIM2;CAMK4;ITPR3;PLCG1;CAMK1;ATP2B1
GO_Molecular_Function_2021	Glutamatergic synapse	6/114	0.0024936196047552	0.0056575670602512	0	0	4.685979971387697	28.08785751586452	PPP3CB;PRKCB;MAPK1;ITPR3;GLS;MAPK3
GO_Molecular_Function_2021	Sphingolipid signaling pathway	6/119	0.0030890607289692	0.0069339554660906	0	0	4.477496296858977	25.8794280363334	MAP2K2;PRKCB;PDPK1;MAPK1;RAF1;MAPK3
GO_Molecular_Function_2021	Cell cycle	6/124	0.0037847702896132	0.0084061740116673	0	0	4.286680730341165	23.90583285491405	RB1;PRKDC;HDAC1;EP300;MCM4;ANAPC2
GO_Molecular_Function_2021	Influenza A	7/172	0.0047103078724541	0.0103528641779981	0	0	3.583385579937304	19.19978713055121	MAP2K2;PRKCB;EP300;MAPK1;ADAR;RAF1;MAPK3
GO_Molecular_Function_2021	Human T-cell leukemia virus 1 infection	8/219	0.0049462995265477	0.0107594762897068	0	0	3.20879752159373	17.03587682628684	RB1;PPP3CB;MAP2K2;NFATC2;EP300;MAPK1;ANAPC2;MAPK3
GO_Molecular_Function_2021	Alzheimer disease	11/369	0.0050159746638941	0.0107997005518536	0	0	2.614831422130746	13.84586584106231	PPP3CB;MAP2K2;APC;BAD;MAPK1;BRAF;ITPR3;RAF1;MAP2K7;GAPDH;MAPK3
GO_Molecular_Function_2021	Tuberculosis	7/180	0.0060132513480521	0.0128161215599898	0	0	3.4162846322503486	17.470161120342656	PPP3CB;BAD;EP300;MAPK1;RAF1;RAB5A;MAPK3
GO_Molecular_Function_2021	Estrogen signaling pathway	6/137	0.0061329304908655	0.0129404833357262	0	0	3.858729482685188	19.65668666194536	MAP2K2;PRKCD;MAPK1;ITPR3;RAF1;MAPK3
GO_Molecular_Function_2021	Aldosterone synthesis and secretion	5/98	0.0064505127484782	0.013343707744401	0	0	4.518886131789357	22.79143446174795	PRKCB;CAMK4;ITPR3;ATP2B1;CAMK1
GO_Molecular_Function_2021	Inflammatory mediator regulation of TRP channels	5/98	0.0064505127484782	0.013343707744401	0	0	4.518886131789357	22.79143446174795	PRKCB;PRKCD;PRKCQ;ITPR3;PLCG1
GO_Molecular_Function_2021	Human papillomavirus infection	10/331	0.0066886240863452	0.0137019386623189	0	0	2.644574133779537	13.242300601552357	RB1;MAP2K2;APC;BAD;HDAC1;EP300;MAPK1;ITGB7;RAF1;MAPK3
GO_Molecular_Function_2021	AGE-RAGE signaling pathway in diabetic complications	5/100	0.0070158527005147	0.0142340857673904	0	0	4.423301844354476	21.93773271485405	PRKCB;PRKCD;MAPK1;PLCG1;MAPK3
GO_Molecular_Function_2021	Signaling pathways regulating pluripotency of stem cells	6/143	0.0075153015025954	0.0151021773052156	0	0	3.6886062466714704	18.040287575115013	MAP2K2;RIF1;APC;MAPK1;RAF1;MAPK3
GO_Molecular_Function_2021	Longevity regulating pathway	5/102	0.0076149432723294	0.0151580474571841	0	0	4.3316591770200015	21.128285946159615	RPTOR;PRKAA1;HDAC1;CAMK4;SIRT1
GO_Molecular_Function_2021	NF-kappa B signaling pathway	5/104	0.0082487618618881	0.0161156366005407	0	0	4.2437192437192435	20.3600585755794	PRKCB;PRKCQ;PLCG1;ERC1;MAP3K7
GO_Molecular_Function_2021	Toll-like receptor signaling pathway	5/104	0.0082487618618881	0.0161156366005407	0	0	4.2437192437192435	20.3600585755794	MAP2K2;MAPK1;MAP2K7;MAP3K7;MAPK3
GO_Molecular_Function_2021	Prolactin signaling pathway	4/70	0.0098512966811982	0.0190699412819525	0	0	5.079303675048356	23.467155996431224	MAP2K2;MAPK1;RAF1;MAPK3
GO_Molecular_Function_2021	PI3K-Akt signaling pathway	10/354	0.0104459071726879	0.0200371492130649	0	0	2.46483700619478	11.243465008691256	RPTOR;PRKAA1;MAP2K2;BAD;PDPK1;MAPK1;ITGB7;RAF1;EIF4B;MAPK3
GO_Molecular_Function_2021	Endocytosis	8/252	0.0111005998896818	0.021006244009166	0	0	2.7701369668582783	12.467710929010831	ARFGEF2;IQSEC1;CBLB;ASAP1;RAB5A;ARFGAP1;GIT1;WASHC2A
GO_Molecular_Function_2021	Toxoplasmosis	5/112	0.0111502337868559	0.021006244009166	0	0	3.924834251937056	17.64721189226351	PDPK1;BAD;MAPK1;MAP3K7;MAPK3
GO_Molecular_Function_2021	Viral carcinogenesis	7/203	0.0112582458616342	0.0210220343080072	0	0	3.011853448275862	13.513145686517708	RB1;SNW1;HDAC1;BAD;EP300;MAPK1;MAPK3
GO_Molecular_Function_2021	Inositol phosphate metabolism	4/73	0.0113758822602377	0.0210553610255277	0	0	4.857724329324699	21.744435920191147	PLCG1;PIK3C2A;PI4K2A;MTM1
GO_Molecular_Function_2021	Cholinergic synapse	5/113	0.0115559992500176	0.0212027464500323	0	0	3.88829534662868	17.343937990819104	PRKCB;CAMK4;MAPK1;ITPR3;MAPK3
GO_Molecular_Function_2021	Pathways in cancer	13/531	0.0117911601297733	0.021447713684329	0	0	2.136869170055011	9.48856490990256	RB1;MAP2K2;BAD;PRKCB;HDAC1;BRAF;APC;TPR;EP300;MAPK1;PLCG1;RAF1;MAPK3
GO_Molecular_Function_2021	Leukocyte transendothelial migration	5/114	0.0119717055981992	0.0215899989847866	0	0	3.852426879949816	17.047795180276818	VASP;PRKCB;PECAM1;PLCG1;ARHGAP35
GO_Molecular_Function_2021	Bacterial invasion of epithelial cells	4/77	0.0136335531427864	0.0243786416366775	0	0	4.590614981055086	19.717707622187287	SEPTIN1;HCLS1;SEPTIN9;WASF2
GO_Molecular_Function_2021	Wnt signaling pathway	6/166	0.0149204605571342	0.0264556065340782	0	0	3.154667381974249	13.265445164189735	PPP3CB;APC;PRKCB;EP300;NFATC2;MAP3K7
GO_Molecular_Function_2021	Type II diabetes mellitus	3/46	0.0175364503757024	0.0308349252439435	0	0	5.82912889239259	23.569929286507836	PRKCD;MAPK1;MAPK3
GO_Molecular_Function_2021	Nucleotide excision repair	3/47	0.0185704717468802	0.0323832193272043	0	0	5.696359784283513	22.706729687130412	CUL4A;LIG1;ERCC6
GO_Molecular_Function_2021	Relaxin signaling pathway	5/129	0.0194686958103979	0.0336712689835571	0	0	3.383822718500138	13.328699856149855	MAP2K2;MAPK1;RAF1;MAP2K7;MAPK3
GO_Molecular_Function_2021	Alcoholism	6/186	0.0245702465336581	0.0421489595008282	0	0	2.8012875536480686	10.382185319863911	HDAC1;CAMK4;MAPK1;BRAF;RAF1;MAPK3
GO_Molecular_Function_2021	Fluid shear stress and atherosclerosis	5/139	0.0258774054102662	0.0436810603325294	0	0	3.1297040438831485	11.437143728361018	PRKAA1;PECAM1;ARHGEF2;MAP2K7;MAP3K7
GO_Molecular_Function_2021	Measles	5/139	0.0258774054102662	0.0436810603325294	0	0	3.1297040438831485	11.437143728361018	BAD;CBLB;ADAR;EIF2AK4;MAP3K7
GO_Molecular_Function_2021	Arginine biosynthesis	2/22	0.0280726756354134	0.0470105917386685	0	0	8.329535864978903	29.76108657825104	GLUD1;GLS
GO_Molecular_Function_2021	Spinocerebellar ataxia	5/143	0.0287773952799969	0.0478112630242469	0	0	3.0383686361947233	10.780633513756245	ATXN2;PRKCB;ITPR3;CIC;PUM2
GO_Molecular_Function_2021	Circadian entrainment	4/97	0.0290749361190089	0.0479282150086788	0	0	3.5997254632807136	12.735392322052707	PRKCB;MAPK1;ITPR3;MAPK3
GO_Molecular_Function_2021	Proximal tubule bicarbonate reclamation	2/23	0.0305080861038094	0.0499008230070061	0	0	7.932489451476793	27.68251224985461	GLUD1;GLS
GO_Molecular_Function_2021	Phospholipase D signaling pathway	5/148	0.0326812765089975	0.0530442257184498	0	0	2.9313848544617773	10.028129662203533	MAP2K2;MAPK1;PLCG1;RAF1;MAPK3
GO_Molecular_Function_2021	Notch signaling pathway	3/59	0.0335682321619362	0.0540679159249507	0	0	4.472987288135593	15.182102212986695	SNW1;HDAC1;EP300
GO_Molecular_Function_2021	TNF signaling pathway	4/112	0.0454901840261117	0.0727153699205271	0	0	3.097399527186761	9.57176587340066	MAPK1;MAP2K7;MAP3K7;MAPK3
GO_Molecular_Function_2021	Base excision repair	2/33	0.0589309986417381	0.0927943336821399	0	0	5.3708996869470536	15.207101105645918	LIG1;UNG
GO_Molecular_Function_2021	Fructose and mannose metabolism	2/33	0.0589309986417381	0.0927943336821399	0	0	5.3708996869470536	15.207101105645918	PFKFB2;PFKL
GO_Molecular_Function_2021	NOD-like receptor signaling pathway	5/181	0.0665160641509947	0.1039621447100732	0	0	2.377743783993784	6.444427021611272	PRKCD;MAPK1;ITPR3;MAP3K7;MAPK3
GO_Molecular_Function_2021	DNA replication	2/36	0.0687136023555049	0.106013428260326	0	0	4.896252171754778	13.111223739422591	LIG1;MCM4
GO_Molecular_Function_2021	RNA degradation	3/79	0.0688333633728183	0.106013428260326	0	0	3.2925401427297056	8.811057096404562	PFKL;PARN;EDC3
GO_Molecular_Function_2021	Alanine, aspartate and glutamate metabolism	2/37	0.072085428904684	0.1102175760789009	0	0	4.756118143459916	12.50813104205171	GLUD1;GLS
GO_Molecular_Function_2021	Dopaminergic synapse	4/132	0.0739328875364284	0.1122290594977439	0	0	2.6107712765957447	6.800008398748846	GSK3A;PPP3CB;PRKCB;ITPR3
GO_Molecular_Function_2021	Transcriptional misregulation in cancer	5/192	0.0809412122891382	0.1219899699500582	0	0	2.236619589560766	5.622933582358558	ZEB1;KMT2A;BCL11B;HDAC1;ITGB7
GO_Molecular_Function_2021	Hypertrophic cardiomyopathy	3/90	0.0931810476840662	0.1394411422789928	0	0	2.874634716540035	6.822114526171452	PRKAA1;ITGB7;EMD
GO_Molecular_Function_2021	Epstein-Barr virus infection	5/202	0.0953851450586978	0.1417342648407411	0	0	2.1220009544882643	4.986346648366704	RB1;SNW1;HDAC1;MAP2K7;MAP3K7
GO_Molecular_Function_2021	Salivary secretion	3/93	0.1003615628676	0.1480859424130322	0	0	2.7783898305084747	6.387451497281029	PRKCB;ITPR3;ATP2B1
GO_Molecular_Function_2021	Retrograde endocannabinoid signaling	4/148	0.1018220611518439	0.1485717649392225	0	0	2.3187943262411346	5.297351695226502	PRKCB;MAPK1;ITPR3;MAPK3
GO_Molecular_Function_2021	IL-17 signaling pathway	3/94	0.1028032117588933	0.1485717649392225	0	0	2.7477183833116037	6.250890841994686	MAPK1;MAP3K7;MAPK3
GO_Molecular_Function_2021	TGF-beta signaling pathway	3/94	0.1028032117588933	0.1485717649392225	0	0	2.7477183833116037	6.250890841994686	EP300;MAPK1;MAPK3
GO_Molecular_Function_2021	Prion disease	6/273	0.1099851711132305	0.1578698714618479	0	0	1.8801176640787	4.150190025868961	PPP3CB;BAD;PRKCD;MAPK1;ITPR3;MAPK3
GO_Molecular_Function_2021	Pancreatic secretion	3/102	0.1231533356185404	0.1755767149696758	0	0	2.524653312788906	5.287444723416737	PRKCB;ITPR3;ATP2B1
GO_Molecular_Function_2021	Hippo signaling pathway	4/163	0.1317079542488503	0.1857939611099339	0	0	2.098434363709354	4.253879569974813	LATS1;APC;NF2;LIMD1
GO_Molecular_Function_2021	Endocrine and other factor-regulated calcium reabsorption	2/53	0.132081015007062	0.1857939611099339	0	0	3.261355174981385	6.602091065071428	PRKCB;ATP2B1
GO_Molecular_Function_2021	Non-homologous end-joining	1/13	0.1447251783776339	0.2022318717727203	0	0	6.9149159663865545	13.365970079487044	PRKDC
GO_Molecular_Function_2021	Thermogenesis	5/232	0.1457931567476914	0.2023839215379137	0	0	1.838736398207764	3.5406090202190708	RPTOR;RPS6KA3;PRKAA1;RPS6KA1;SMARCA4
GO_Molecular_Function_2021	Viral myocarditis	2/60	0.1609756060818123	0.2219990384526954	0	0	2.8667248654153936	5.236079962914746	EIF4G3;EIF4G1
GO_Molecular_Function_2021	Cytosolic DNA-sensing pathway	2/63	0.173688082594738	0.2364399059838046	0	0	2.7253233727606005	4.770662804058933	TREX1;ADAR
GO_Molecular_Function_2021	Lysine degradation	2/63	0.173688082594738	0.2364399059838046	0	0	2.7253233727606005	4.770662804058933	KMT2A;EZH2
GO_Molecular_Function_2021	Nitrogen metabolism	1/17	0.1849088761446193	0.2501011081186839	0	0	5.185136554621849	8.751951217911714	GLUD1
GO_Molecular_Function_2021	Glycolysis / Gluconeogenesis	2/67	0.1908748886930651	0.2565261242945015	0	0	2.557091853294385	4.234894682727665	PFKL;GAPDH
GO_Molecular_Function_2021	Adipocytokine signaling pathway	2/69	0.1995520218555256	0.2648143183114207	0	0	2.480508848164242	3.9977872829204073	PRKAA1;PRKCQ
GO_Molecular_Function_2021	Renin secretion	2/69	0.1995520218555256	0.2648143183114207	0	0	2.480508848164242	3.9977872829204073	PPP3CB;ITPR3
GO_Molecular_Function_2021	Epithelial cell signaling in Helicobacter pylori infection	2/70	0.2039082484406238	0.2689040026310728	0	0	2.4439066765946884	3.8860197116466417	PLCG1;GIT1
GO_Molecular_Function_2021	Thyroid hormone synthesis	2/75	0.2258309667558302	0.295964807363231	0	0	2.2759378070631757	3.3865237518081033	PRKCB;ITPR3
GO_Molecular_Function_2021	Gastric acid secretion	2/76	0.2302379989764939	0.2980381459143572	0	0	2.2450678526627894	3.297200328174105	PRKCB;ITPR3
GO_Molecular_Function_2021	Pertussis	2/76	0.2302379989764939	0.2980381459143572	0	0	2.2450678526627894	3.297200328174105	MAPK1;MAPK3
GO_Molecular_Function_2021	Terpenoid backbone biosynthesis	1/22	0.2325044957480438	0.298487091295348	0	0	3.9495798319327737	5.7618276240987045	HMGCR
GO_Molecular_Function_2021	Arrhythmogenic right ventricular cardiomyopathy	2/77	0.2346506701946018	0.298487091295348	0	0	2.2150210970464137	3.211021681518114	ITGB7;EMD
GO_Molecular_Function_2021	Ubiquitin mediated proteolysis	3/140	0.2348287068958662	0.298487091295348	0	0	1.820858592106891	2.638240079342768	CUL4A;CBLB;ANAPC2
GO_Molecular_Function_2021	Mismatch repair	1/23	0.2416861535305365	0.3053639424846899	0	0	3.7698624904507256	5.35363932900647	LIG1
GO_Molecular_Function_2021	Cell adhesion molecules	3/148	0.2603652750378028	0.3270063871010499	0	0	1.7196960841613091	2.314142965133881	SPN;PECAM1;ITGB7
GO_Molecular_Function_2021	Adrenergic signaling in cardiomyocytes	3/150	0.2668083000324756	0.331156184157955	0	0	1.6961259079903148	2.2409637083007783	MAPK1;ATP2B1;MAPK3
GO_Molecular_Function_2021	Spliceosome	3/150	0.2668083000324756	0.331156184157955	0	0	1.6961259079903148	2.2409637083007783	SNW1;SF3A2;HNRNPA1
GO_Molecular_Function_2021	Insulin secretion	2/86	0.274498544961631	0.3387087309175681	0	0	1.9767932489451476	2.555616733444426	PRKCB;ITPR3
GO_Molecular_Function_2021	GABAergic synapse	2/89	0.2877824297430736	0.3530354225336542	0	0	1.9083369707551288	2.3769301379854837	PRKCB;GLS
GO_Molecular_Function_2021	Ribosome	3/158	0.2927467519969268	0.3570495067708183	0	0	1.6079278294149808	1.9752547153928923	RPS14;RPS9;RPL29
GO_Molecular_Function_2021	Pentose phosphate pathway	1/30	0.3029665219521898	0.3673904375397244	0	0	2.858881483627934	3.4138846317300957	PFKL
GO_Molecular_Function_2021	JAK-STAT signaling pathway	3/162	0.3057851388044117	0.368689510215605	0	0	1.5671570195075153	1.8568813879114576	EP300;PTPN6;RAF1
GO_Molecular_Function_2021	Circadian rhythm	1/31	0.3113085720112596	0.3711079587252869	0	0	2.7634453781512605	3.224859692673836	PRKAA1
GO_Molecular_Function_2021	Galactose metabolism	1/31	0.3113085720112596	0.3711079587252869	0	0	2.7634453781512605	3.224859692673836	PFKL
GO_Molecular_Function_2021	Dilated cardiomyopathy	2/96	0.3186487024821755	0.377724023728871	0	0	1.7655983481461532	2.0192548519011915	ITGB7;EMD
GO_Molecular_Function_2021	Nicotinate and nicotinamide metabolism	1/35	0.3436942581609683	0.402013606350909	0	0	2.4378398418190805	2.6036197800069822	SIRT1
GO_Molecular_Function_2021	Amoebiasis	2/102	0.3448552736943817	0.402013606350909	0	0	1.65915611814346	1.7663881188757449	PRKCB;RAB5A
GO_Molecular_Function_2021	Chagas disease	2/102	0.3448552736943817	0.402013606350909	0	0	1.65915611814346	1.7663881188757449	MAPK1;MAPK3
GO_Molecular_Function_2021	African trypanosomiasis	1/37	0.3593137751237664	0.4165670689621688	0	0	2.3021708683473388	2.3564082800502475	PRKCB
GO_Molecular_Function_2021	Primary immunodeficiency	1/38	0.3669841524790936	0.4231347331862773	0	0	2.2398364751305926	2.2452940900630973	UNG
GO_Molecular_Function_2021	Porphyrin and chlorophyll metabolism	1/43	0.4039857947989406	0.4632663190357418	0	0	1.972689075630252	1.7879971716034049	EPRS1
GO_Molecular_Function_2021	Vasopressin-regulated water reabsorption	1/44	0.4111234972089129	0.4689030157355708	0	0	1.9267148719953096	1.712582921269869	RAB5A
GO_Molecular_Function_2021	Basal transcription factors	1/45	0.418176073643867	0.4743825351551395	0	0	1.8828304048892284	1.6415507840748562	TAF1
GO_Molecular_Function_2021	Carbohydrate digestion and absorption	1/47	0.4320298806176431	0.4874775658306027	0	0	1.8007855316039458	1.5113282107268975	PRKCB
GO_Molecular_Function_2021	Diabetic cardiomyopathy	3/203	0.4382463997240983	0.4899141987782549	0	0	1.243283898305085	1.0256768538365035	PRKCB;PRKCD;GAPDH
GO_Molecular_Function_2021	Intestinal immune network for IgA production	1/48	0.4388330974838396	0.4899141987782549	0	0	1.7623815483640264	1.4515611113115576	ITGB7
GO_Molecular_Function_2021	Malaria	1/50	0.4521970360135466	0.4995475109887871	0	0	1.6902761104441777	1.3414661241804442	PECAM1
GO_Molecular_Function_2021	Vibrio cholerae infection	1/50	0.4521970360135466	0.4995475109887871	0	0	1.6902761104441777	1.3414661241804442	PLCG1
GO_Molecular_Function_2021	Huntington disease	4/306	0.4986543321817402	0.5480003338038916	0	0	1.0967451035648863	0.7631614646714923	HDAC1;HTT;EP300;MAP2K7
GO_Molecular_Function_2021	Mineral absorption	1/60	0.5144094863809642	0.5623855006548365	0	0	1.4030764848312207	0.9326749796094828	ATP2B1
GO_Molecular_Function_2021	Basal cell carcinoma	1/63	0.5316626527150177	0.5782516480560244	0	0	1.3349823800487937	0.8433699151176832	APC
GO_Molecular_Function_2021	Cortisol synthesis and secretion	1/65	0.5428242318495101	0.5873636560012647	0	0	1.2931328781512603	0.7900650191690904	ITPR3
GO_Molecular_Function_2021	Aminoacyl-tRNA biosynthesis	1/66	0.5483052811426617	0.5902674200056205	0	0	1.2731738849385907	0.7650795529221511	EPRS1
GO_Molecular_Function_2021	Non-alcoholic fatty liver disease	2/155	0.5549720628900142	0.5944117018771218	0	0	1.081492512616861	0.63682335133225	GSK3A;PRKAA1
GO_Molecular_Function_2021	Mitophagy	1/68	0.5590718362610257	0.5957785729852345	0	0	1.2350432710397592	0.7181496335022473	OPTN
GO_Molecular_Function_2021	RIG-I-like receptor signaling pathway	1/70	0.5695828080069966	0.6039295099973683	0	0	1.1991231275118743	0.6749277736480548	MAP3K7
GO_Molecular_Function_2021	PPAR signaling pathway	1/74	0.5898620285379543	0.6223044401075418	0	0	1.133187521583976	0.5981718661253655	PDPK1
GO_Molecular_Function_2021	Protein processing in endoplasmic reticulum	2/171	0.6084662251433406	0.6387381766430092	0	0	0.9783037475345168	0.4860348739791474	EIF2AK4;MAP2K7
GO_Molecular_Function_2021	Taste transduction	1/86	0.6451656084856591	0.673910610843931	0	0	0.9726149283242708	0.4262467783968463	ITPR3
GO_Molecular_Function_2021	ECM-receptor interaction	1/88	0.6536318439332276	0.679390734334537	0	0	0.9501593740944654	0.4040182326259376	ITGB7
GO_Molecular_Function_2021	Bile secretion	1/90	0.6618969018634979	0.6846090504568533	0	0	0.9287130582570108	0.3832292387783182	HMGCR
GO_Molecular_Function_2021	Morphine addiction	1/91	0.6659554813144423	0.6854468612553528	0	0	0.9183473389355742	0.3733379987445302	PRKCB
GO_Molecular_Function_2021	Small cell lung cancer	1/92	0.6699655428800437	0.6862268424645108	0	0	0.9082094376212024	0.3637642146230748	RB1
GO_Molecular_Function_2021	Parkinson disease	2/249	0.8008351204955106	0.8163101952876944	0	0	0.6667008319240164	0.1480743848971125	ITPR3;PLCG1
GO_Molecular_Function_2021	Phagosome	1/152	0.8402759842957686	0.8523953494538805	0	0	0.545661973398631	0.0949587640102786	RAB5A
GO_Molecular_Function_2021	Necroptosis	1/159	0.8532642630847046	0.8614294713438884	0	0	0.5213009254334645	0.0827231456991143	GLUD1
GO_Molecular_Function_2021	Herpes simplex virus 1 infection	3/498	0.9391480324516328	0.9436201659394978	0	0	0.4947611710323574	0.0310621765629606	BAD;EIF2AK4;MAP3K7
GO_Molecular_Function_2021	Cytokine-cytokine receptor interaction	1/295	0.971925638434807	0.971925638434807	0	0	0.2782112845138055	0.0079223392841141	IL16
